,Year,App.,Taxon,Class,Order,Family,Genus,Importer,Exporter,Origin,Importer reported quantity,Exporter reported quantity,Term,Unit,Purpose,Source
5312,2012,I,Cheloniidae spp.,Reptilia,Testudines,Cheloniidae,,AT,JP,XX,1.0,,ivory carvings,,E,O
5313,2012,I,Cheloniidae spp.,Reptilia,Testudines,Cheloniidae,,JP,AT,XX,,1.0,ivory carvings,,E,O
5314,2012,I,Elephantidae spp.,Mammalia,Proboscidea,Elephantidae,,AE,AU,XX,,1.0,ivory carvings,,P,U
5315,2012,I,Elephantidae spp.,Mammalia,Proboscidea,Elephantidae,,AT,CH,XX,,24.0,ivory carvings,,T,O
5316,2012,I,Elephantidae spp.,Mammalia,Proboscidea,Elephantidae,,AU,CA,XX,,1.0,ivory pieces,,P,O
5317,2012,I,Elephantidae spp.,Mammalia,Proboscidea,Elephantidae,,AU,CH,XX,,12.0,ivory carvings,,P,O
5318,2012,I,Elephantidae spp.,Mammalia,Proboscidea,Elephantidae,,AU,IT,XX,,1.0,ivory pieces,,P,O
5319,2012,I,Elephantidae spp.,Mammalia,Proboscidea,Elephantidae,,AU,US,XX,,2.0,ivory carvings,,T,I
5320,2012,I,Elephantidae spp.,Mammalia,Proboscidea,Elephantidae,,BE,AU,XX,,1.0,ivory carvings,,P,O
5321,2012,I,Elephantidae spp.,Mammalia,Proboscidea,Elephantidae,,CA,CH,XX,,1.0,ivory carvings,,T,O
5322,2012,I,Elephantidae spp.,Mammalia,Proboscidea,Elephantidae,,CA,FR,,9.0,,ivory carvings,,Q,O
5323,2012,I,Elephantidae spp.,Mammalia,Proboscidea,Elephantidae,,CA,FR,,2.0,,ivory pieces,,Q,O
5324,2012,I,Elephantidae spp.,Mammalia,Proboscidea,Elephantidae,,CA,GB,,25.0,,ivory pieces,,P,O
5325,2012,I,Elephantidae spp.,Mammalia,Proboscidea,Elephantidae,,CA,GB,,14.0,,ivory pieces,,T,O
5326,2012,I,Elephantidae spp.,Mammalia,Proboscidea,Elephantidae,,CA,HK,XX,,10.0,ivory carvings,,P,U
5327,2012,I,Elephantidae spp.,Mammalia,Proboscidea,Elephantidae,,CA,LB,,1.0,,ivory pieces,,P,O
5328,2012,I,Elephantidae spp.,Mammalia,Proboscidea,Elephantidae,,CA,NL,,0.5,,ivory pieces,kg,P,O
5329,2012,I,Elephantidae spp.,Mammalia,Proboscidea,Elephantidae,,CA,PE,,1.0,,ivory pieces,,Q,O
5330,2012,I,Elephantidae spp.,Mammalia,Proboscidea,Elephantidae,,CA,US,,179.0,,ivory pieces,,P,O
5331,2012,I,Elephantidae spp.,Mammalia,Proboscidea,Elephantidae,,CA,US,,52.0,,ivory pieces,,Q,O
5332,2012,I,Elephantidae spp.,Mammalia,Proboscidea,Elephantidae,,CH,AT,XX,2.0,,ivory carvings,,Q,O
5333,2012,I,Elephantidae spp.,Mammalia,Proboscidea,Elephantidae,,CH,AT,XX,2.0,52.0,ivory carvings,,T,O
5334,2012,I,Elephantidae spp.,Mammalia,Proboscidea,Elephantidae,,CH,DE,XX,1.0,,ivory carvings,,P,O
5335,2012,I,Elephantidae spp.,Mammalia,Proboscidea,Elephantidae,,CH,DE,XX,10.0,,ivory carvings,,Q,O
5336,2012,I,Elephantidae spp.,Mammalia,Proboscidea,Elephantidae,,CH,DE,XX,2.0,,ivory carvings,,T,O
5337,2012,I,Elephantidae spp.,Mammalia,Proboscidea,Elephantidae,,CH,FR,GR,1.0,,ivory carvings,,Q,O
5338,2012,I,Elephantidae spp.,Mammalia,Proboscidea,Elephantidae,,CH,FR,IN,1.0,,ivory carvings,,Q,O
5339,2012,I,Elephantidae spp.,Mammalia,Proboscidea,Elephantidae,,CH,FR,JP,1.0,,ivory carvings,,Q,O
5340,2012,I,Elephantidae spp.,Mammalia,Proboscidea,Elephantidae,,CH,FR,PE,1.0,,ivory carvings,,Q,O
5341,2012,I,Elephantidae spp.,Mammalia,Proboscidea,Elephantidae,,CH,FR,XX,7.0,,ivory carvings,,T,O
5342,2012,I,Elephantidae spp.,Mammalia,Proboscidea,Elephantidae,,CH,FR,XX,1.0,,ivory pieces,,T,O
5343,2012,I,Elephantidae spp.,Mammalia,Proboscidea,Elephantidae,,CH,GB,XX,4.0,,ivory carvings,,P,O
5344,2012,I,Elephantidae spp.,Mammalia,Proboscidea,Elephantidae,,CH,GB,XX,11.0,,ivory carvings,,T,O
5345,2012,I,Elephantidae spp.,Mammalia,Proboscidea,Elephantidae,,CH,GB,XX,52.0,,ivory pieces,,P,O
5346,2012,I,Elephantidae spp.,Mammalia,Proboscidea,Elephantidae,,CH,HK,,,1.0,ivory carvings,,T,O
5347,2012,I,Elephantidae spp.,Mammalia,Proboscidea,Elephantidae,,CH,IT,XX,3.0,,ivory carvings,,T,O
5348,2012,I,Elephantidae spp.,Mammalia,Proboscidea,Elephantidae,,CH,IT,XX,1.0,91.0,ivory pieces,,T,O
5349,2012,I,Elephantidae spp.,Mammalia,Proboscidea,Elephantidae,,CH,JP,XX,71.0,,ivory carvings,,T,O
5350,2012,I,Elephantidae spp.,Mammalia,Proboscidea,Elephantidae,,CH,NL,XX,3.0,,ivory carvings,,T,O
5351,2012,I,Elephantidae spp.,Mammalia,Proboscidea,Elephantidae,,CH,PL,XX,2.0,,ivory carvings,,T,O
5352,2012,I,Elephantidae spp.,Mammalia,Proboscidea,Elephantidae,,CH,PT,XX,1.0,,ivory carvings,,P,O
5353,2012,I,Elephantidae spp.,Mammalia,Proboscidea,Elephantidae,,CH,SG,XX,3.0,,ivory carvings,,T,O
5354,2012,I,Elephantidae spp.,Mammalia,Proboscidea,Elephantidae,,CH,SG,XX,,3.0,ivory pieces,,T,O
5355,2012,I,Elephantidae spp.,Mammalia,Proboscidea,Elephantidae,,CH,TW,XX,6.0,,ivory carvings,,Q,O
5356,2012,I,Elephantidae spp.,Mammalia,Proboscidea,Elephantidae,,CH,US,XX,1.0,,ivory carvings,,T,O
5357,2012,I,Elephantidae spp.,Mammalia,Proboscidea,Elephantidae,,CN,AU,XX,,7.0,ivory carvings,,T,O
5358,2012,I,Elephantidae spp.,Mammalia,Proboscidea,Elephantidae,,CN,GB,,2.0,,ivory carvings,,P,O
5359,2012,I,Elephantidae spp.,Mammalia,Proboscidea,Elephantidae,,CN,HU,,3.0,,ivory carvings,,P,O
5360,2012,I,Elephantidae spp.,Mammalia,Proboscidea,Elephantidae,,CN,US,XX,,8.0,ivory carvings,,P,I
5361,2012,I,Elephantidae spp.,Mammalia,Proboscidea,Elephantidae,,CN,US,XX,,3.0,ivory carvings,,Q,O
5362,2012,I,Elephantidae spp.,Mammalia,Proboscidea,Elephantidae,,CN,US,XX,,38.0,ivory carvings,,T,I
5363,2012,I,Elephantidae spp.,Mammalia,Proboscidea,Elephantidae,,CZ,CH,XX,,6.0,ivory carvings,,T,O
5364,2012,I,Elephantidae spp.,Mammalia,Proboscidea,Elephantidae,,CZ,CH,XX,6.0,,ivory pieces,,T,O
5365,2012,I,Elephantidae spp.,Mammalia,Proboscidea,Elephantidae,,DE,CH,DE,,1.0,ivory carvings,,P,O
5366,2012,I,Elephantidae spp.,Mammalia,Proboscidea,Elephantidae,,DE,CH,XX,,20.0,ivory carvings,,P,O
5367,2012,I,Elephantidae spp.,Mammalia,Proboscidea,Elephantidae,,DE,CH,XX,,10.0,ivory carvings,,Q,O
5368,2012,I,Elephantidae spp.,Mammalia,Proboscidea,Elephantidae,,DE,CH,XX,,21.0,ivory carvings,,T,O
5369,2012,I,Elephantidae spp.,Mammalia,Proboscidea,Elephantidae,,DE,RU,XX,,1.0,ivory carvings,,Q,O
5370,2012,I,Elephantidae spp.,Mammalia,Proboscidea,Elephantidae,,DE,US,XX,,4.0,ivory carvings,,Q,O
5371,2012,I,Elephantidae spp.,Mammalia,Proboscidea,Elephantidae,,DK,CH,XX,,1.0,ivory carvings,,T,O
5372,2012,I,Elephantidae spp.,Mammalia,Proboscidea,Elephantidae,,DK,US,XX,,1.0,ivory carvings,,Q,O
5373,2012,I,Elephantidae spp.,Mammalia,Proboscidea,Elephantidae,,ES,CH,XX,,1.0,ivory carvings,,P,O
5374,2012,I,Elephantidae spp.,Mammalia,Proboscidea,Elephantidae,,ES,CH,XX,,6.0,ivory carvings,,Q,O
5375,2012,I,Elephantidae spp.,Mammalia,Proboscidea,Elephantidae,,ES,CH,XX,,3.0,ivory pieces,,Q,O
5376,2012,I,Elephantidae spp.,Mammalia,Proboscidea,Elephantidae,,FR,AU,XX,,1.0,ivory carvings,,T,O
5377,2012,I,Elephantidae spp.,Mammalia,Proboscidea,Elephantidae,,FR,CA,XX,,9.0,ivory carvings,,Q,O
5378,2012,I,Elephantidae spp.,Mammalia,Proboscidea,Elephantidae,,FR,CH,XX,,4.0,ivory carvings,,P,O
5379,2012,I,Elephantidae spp.,Mammalia,Proboscidea,Elephantidae,,FR,CH,XX,,4.0,ivory carvings,,Q,O
5380,2012,I,Elephantidae spp.,Mammalia,Proboscidea,Elephantidae,,FR,CH,XX,,23.0,ivory carvings,,T,O
5381,2012,I,Elephantidae spp.,Mammalia,Proboscidea,Elephantidae,,FR,US,XX,,3.0,ivory carvings,,Q,O
5382,2012,I,Elephantidae spp.,Mammalia,Proboscidea,Elephantidae,,GB,AU,XX,,139.0,ivory carvings,,P,O
5383,2012,I,Elephantidae spp.,Mammalia,Proboscidea,Elephantidae,,GB,AU,XX,,3.0,ivory carvings,,P,U
5384,2012,I,Elephantidae spp.,Mammalia,Proboscidea,Elephantidae,,GB,AU,XX,,4.0,ivory carvings,,T,O
5385,2012,I,Elephantidae spp.,Mammalia,Proboscidea,Elephantidae,,GB,CA,XX,,5.0,ivory pieces,,P,O
5386,2012,I,Elephantidae spp.,Mammalia,Proboscidea,Elephantidae,,GB,CA,XX,,59.0,ivory pieces,,T,O
5387,2012,I,Elephantidae spp.,Mammalia,Proboscidea,Elephantidae,,GB,CH,XX,,3.0,ivory carvings,,P,O
5388,2012,I,Elephantidae spp.,Mammalia,Proboscidea,Elephantidae,,GB,CH,XX,,53.0,ivory carvings,,T,O
5389,2012,I,Elephantidae spp.,Mammalia,Proboscidea,Elephantidae,,GB,CH,XX,,1.0,ivory pieces,,T,O
5390,2012,I,Elephantidae spp.,Mammalia,Proboscidea,Elephantidae,,GB,HK,,,1.0,ivory carvings,,T,O
5391,2012,I,Elephantidae spp.,Mammalia,Proboscidea,Elephantidae,,GB,NZ,GB,,2.0,ivory pieces,,P,O
5392,2012,I,Elephantidae spp.,Mammalia,Proboscidea,Elephantidae,,GB,SG,XX,,1.0,ivory pieces,,P,O
5393,2012,I,Elephantidae spp.,Mammalia,Proboscidea,Elephantidae,,GB,US,XX,,5.0,ivory carvings,,Q,O
5394,2012,I,Elephantidae spp.,Mammalia,Proboscidea,Elephantidae,,GB,US,XX,,2.0,ivory carvings,,T,I
5395,2012,I,Elephantidae spp.,Mammalia,Proboscidea,Elephantidae,,HK,AU,XX,,5.0,ivory carvings,,P,O
5396,2012,I,Elephantidae spp.,Mammalia,Proboscidea,Elephantidae,,HK,AU,,1.0,,ivory carvings,,T,O
5397,2012,I,Elephantidae spp.,Mammalia,Proboscidea,Elephantidae,,HK,BE,,1.0,,ivory carvings,,T,O
5398,2012,I,Elephantidae spp.,Mammalia,Proboscidea,Elephantidae,,HK,BR,,2.0,,ivory carvings,,T,O
5399,2012,I,Elephantidae spp.,Mammalia,Proboscidea,Elephantidae,,HK,CH,XX,,12.0,ivory carvings,,T,O
5400,2012,I,Elephantidae spp.,Mammalia,Proboscidea,Elephantidae,,HK,CH,XX,,2.0,ivory pieces,,T,O
5401,2012,I,Elephantidae spp.,Mammalia,Proboscidea,Elephantidae,,HK,CH,,6.0,,ivory carvings,,T,O
5402,2012,I,Elephantidae spp.,Mammalia,Proboscidea,Elephantidae,,HK,FR,CN,1.0,,ivory carvings,,T,O
5403,2012,I,Elephantidae spp.,Mammalia,Proboscidea,Elephantidae,,HK,FR,,141.0,,ivory carvings,,T,O
5404,2012,I,Elephantidae spp.,Mammalia,Proboscidea,Elephantidae,,HK,GB,,118.0,,ivory carvings,,T,O
5405,2012,I,Elephantidae spp.,Mammalia,Proboscidea,Elephantidae,,HK,GB,,3.0,,ivory carvings,,T,U
5406,2012,I,Elephantidae spp.,Mammalia,Proboscidea,Elephantidae,,HK,GB,,48.0,,ivory pieces,,T,O
5407,2012,I,Elephantidae spp.,Mammalia,Proboscidea,Elephantidae,,HK,JP,,21.0,,ivory carvings,,T,O
5408,2012,I,Elephantidae spp.,Mammalia,Proboscidea,Elephantidae,,HK,NL,,13.0,,ivory carvings,,T,O
5409,2012,I,Elephantidae spp.,Mammalia,Proboscidea,Elephantidae,,HK,US,XX,,3.0,ivory carvings,,T,I
5410,2012,I,Elephantidae spp.,Mammalia,Proboscidea,Elephantidae,,HK,XV,,10.0,,ivory carvings,,,
5411,2012,I,Elephantidae spp.,Mammalia,Proboscidea,Elephantidae,,IT,CA,XX,,10.0,ivory carvings,,Q,O
5412,2012,I,Elephantidae spp.,Mammalia,Proboscidea,Elephantidae,,IT,CA,XX,2.0,9.0,ivory pieces,,Q,O
5413,2012,I,Elephantidae spp.,Mammalia,Proboscidea,Elephantidae,,IT,CH,XX,,1.0,ivory carvings,,P,O
5414,2012,I,Elephantidae spp.,Mammalia,Proboscidea,Elephantidae,,IT,CH,XX,,2.0,ivory carvings,,T,O
5415,2012,I,Elephantidae spp.,Mammalia,Proboscidea,Elephantidae,,IT,US,XX,,9.0,ivory carvings,,Q,O
5416,2012,I,Elephantidae spp.,Mammalia,Proboscidea,Elephantidae,,IT,US,XX,9.0,,ivory pieces,,Q,O
5417,2012,I,Elephantidae spp.,Mammalia,Proboscidea,Elephantidae,,JP,CZ,XX,,1.0,ivory pieces,,P,O
5418,2012,I,Elephantidae spp.,Mammalia,Proboscidea,Elephantidae,,JP,US,XX,,7.0,ivory carvings,,Q,O
5419,2012,I,Elephantidae spp.,Mammalia,Proboscidea,Elephantidae,,JP,US,XX,,2.0,ivory carvings,,T,I
5420,2012,I,Elephantidae spp.,Mammalia,Proboscidea,Elephantidae,,JP,US,,1.0,,ivory pieces,,Q,O
5421,2012,I,Elephantidae spp.,Mammalia,Proboscidea,Elephantidae,,LB,CA,XX,,1.0,ivory carvings,,P,O
5422,2012,I,Elephantidae spp.,Mammalia,Proboscidea,Elephantidae,,MX,CH,XX,,4.0,ivory carvings,,P,O
5423,2012,I,Elephantidae spp.,Mammalia,Proboscidea,Elephantidae,,MY,AU,XX,,1.0,ivory carvings,,P,O
5424,2012,I,Elephantidae spp.,Mammalia,Proboscidea,Elephantidae,,MY,US,XX,,2.0,ivory carvings,,T,I
5425,2012,I,Elephantidae spp.,Mammalia,Proboscidea,Elephantidae,,NL,CH,XX,,48.0,ivory carvings,,T,O
5426,2012,I,Elephantidae spp.,Mammalia,Proboscidea,Elephantidae,,NZ,AU,XX,,8.0,ivory carvings,,P,O
5427,2012,I,Elephantidae spp.,Mammalia,Proboscidea,Elephantidae,,NZ,AU,XX,,2.0,ivory carvings,,P,U
5428,2012,I,Elephantidae spp.,Mammalia,Proboscidea,Elephantidae,,NZ,US,XX,,9.0,ivory carvings,,T,I
5429,2012,I,Elephantidae spp.,Mammalia,Proboscidea,Elephantidae,,PL,CA,XX,,104.0,ivory pieces,,T,O
5430,2012,I,Elephantidae spp.,Mammalia,Proboscidea,Elephantidae,,PL,CH,XX,,4.0,ivory carvings,,T,O
5431,2012,I,Elephantidae spp.,Mammalia,Proboscidea,Elephantidae,,PT,CH,XX,,2.0,ivory carvings,,T,O
5432,2012,I,Elephantidae spp.,Mammalia,Proboscidea,Elephantidae,,PT,TH,XX,,4.0,ivory pieces,,E,O
5433,2012,I,Elephantidae spp.,Mammalia,Proboscidea,Elephantidae,,QA,TR,XX,2.0,,ivory carvings,,Q,W
5434,2012,I,Elephantidae spp.,Mammalia,Proboscidea,Elephantidae,,RU,US,XX,,2.0,ivory carvings,,T,I
5435,2012,I,Elephantidae spp.,Mammalia,Proboscidea,Elephantidae,,RU,XX,,1.0,,ivory carvings,,E,O
5436,2012,I,Elephantidae spp.,Mammalia,Proboscidea,Elephantidae,,SA,US,XX,,4.0,ivory carvings,,P,I
5437,2012,I,Elephantidae spp.,Mammalia,Proboscidea,Elephantidae,,SA,US,XX,,1.0,ivory carvings,,T,I
5438,2012,I,Elephantidae spp.,Mammalia,Proboscidea,Elephantidae,,SE,CH,XX,,2.0,ivory carvings,,P,O
5439,2012,I,Elephantidae spp.,Mammalia,Proboscidea,Elephantidae,,SG,CA,XX,9.0,9.0,ivory pieces,,P,O
5440,2012,I,Elephantidae spp.,Mammalia,Proboscidea,Elephantidae,,SG,CH,XX,,1.0,ivory carvings,,T,O
5441,2012,I,Elephantidae spp.,Mammalia,Proboscidea,Elephantidae,,SG,FR,XX,3.0,,ivory pieces,,P,O
5442,2012,I,Elephantidae spp.,Mammalia,Proboscidea,Elephantidae,,SG,GB,XX,12.0,,ivory pieces,,P,O
5443,2012,I,Elephantidae spp.,Mammalia,Proboscidea,Elephantidae,,SG,PT,XX,2.0,,ivory pieces,,Q,O
5444,2012,I,Elephantidae spp.,Mammalia,Proboscidea,Elephantidae,,SG,PT,XX,2.0,,ivory pieces,,T,O
5445,2012,I,Elephantidae spp.,Mammalia,Proboscidea,Elephantidae,,TH,CH,XX,,2.0,ivory carvings,,T,O
5446,2012,I,Elephantidae spp.,Mammalia,Proboscidea,Elephantidae,,TH,US,XX,,12.0,ivory carvings,,T,I
5447,2012,I,Elephantidae spp.,Mammalia,Proboscidea,Elephantidae,,TR,QA,TR,1.0,,ivory carvings,,Q,W
5448,2012,I,Elephantidae spp.,Mammalia,Proboscidea,Elephantidae,,TR,QA,XX,1.0,,ivory carvings,,Q,W
5449,2012,I,Elephantidae spp.,Mammalia,Proboscidea,Elephantidae,,TR,US,TR,2.0,,ivory carvings,,T,W
5450,2012,I,Elephantidae spp.,Mammalia,Proboscidea,Elephantidae,,TR,US,XX,,1.0,ivory carvings,,Q,O
5451,2012,I,Elephantidae spp.,Mammalia,Proboscidea,Elephantidae,,TR,XX,TR,1.0,,ivory carvings,,Q,W
5452,2012,I,Elephantidae spp.,Mammalia,Proboscidea,Elephantidae,,TR,XX,XX,1.0,,ivory carvings,,Q,W
5453,2012,I,Elephantidae spp.,Mammalia,Proboscidea,Elephantidae,,TW,CH,XX,,6.0,ivory carvings,,Q,O
5454,2012,I,Elephantidae spp.,Mammalia,Proboscidea,Elephantidae,,TW,US,XX,,1.0,ivory carvings,,P,I
5455,2012,I,Elephantidae spp.,Mammalia,Proboscidea,Elephantidae,,TW,US,XX,,7.0,ivory carvings,,T,I
5456,2012,I,Elephantidae spp.,Mammalia,Proboscidea,Elephantidae,,UA,US,XX,,1.0,ivory carvings,,T,I
5457,2012,I,Elephantidae spp.,Mammalia,Proboscidea,Elephantidae,,US,AU,XX,,44.0,ivory carvings,,P,O
5458,2012,I,Elephantidae spp.,Mammalia,Proboscidea,Elephantidae,,US,AU,XX,,1.0,ivory carvings,,T,O
5459,2012,I,Elephantidae spp.,Mammalia,Proboscidea,Elephantidae,,US,BE,NA,1.0,,ivory carvings,,T,I
5460,2012,I,Elephantidae spp.,Mammalia,Proboscidea,Elephantidae,,US,BE,XX,2.0,,ivory carvings,,P,O
5461,2012,I,Elephantidae spp.,Mammalia,Proboscidea,Elephantidae,,US,BI,XX,1.0,,ivory carvings,,T,I
5462,2012,I,Elephantidae spp.,Mammalia,Proboscidea,Elephantidae,,US,BO,XX,1.0,,ivory carvings,,T,I
5463,2012,I,Elephantidae spp.,Mammalia,Proboscidea,Elephantidae,,US,CA,XX,2.0,,ivory carvings,,P,I
5464,2012,I,Elephantidae spp.,Mammalia,Proboscidea,Elephantidae,,US,CA,XX,312.0,,ivory carvings,,P,O
5465,2012,I,Elephantidae spp.,Mammalia,Proboscidea,Elephantidae,,US,CA,XX,2.0,,ivory carvings,,T,I
5466,2012,I,Elephantidae spp.,Mammalia,Proboscidea,Elephantidae,,US,CA,XX,,366.0,ivory pieces,,P,O
5467,2012,I,Elephantidae spp.,Mammalia,Proboscidea,Elephantidae,,US,CA,,,106.0,ivory pieces,,P,O
5468,2012,I,Elephantidae spp.,Mammalia,Proboscidea,Elephantidae,,US,CH,XX,1.0,1.0,ivory carvings,,P,O
5469,2012,I,Elephantidae spp.,Mammalia,Proboscidea,Elephantidae,,US,CH,XX,,3.0,ivory carvings,,T,O
5470,2012,I,Elephantidae spp.,Mammalia,Proboscidea,Elephantidae,,US,CN,XX,4.0,,ivory carvings,,P,I
5471,2012,I,Elephantidae spp.,Mammalia,Proboscidea,Elephantidae,,US,CN,XX,7.0,,ivory carvings,,T,I
5472,2012,I,Elephantidae spp.,Mammalia,Proboscidea,Elephantidae,,US,DE,XX,4.0,,ivory carvings,,Q,O
5473,2012,I,Elephantidae spp.,Mammalia,Proboscidea,Elephantidae,,US,DE,XX,2.0,,ivory carvings,,T,I
5474,2012,I,Elephantidae spp.,Mammalia,Proboscidea,Elephantidae,,US,DK,XX,1.0,,ivory carvings,,Q,O
5475,2012,I,Elephantidae spp.,Mammalia,Proboscidea,Elephantidae,,US,DK,XX,2.0,,ivory carvings,,T,O
5476,2012,I,Elephantidae spp.,Mammalia,Proboscidea,Elephantidae,,US,DK,XX,2.0,,ivory pieces,,T,I
5477,2012,I,Elephantidae spp.,Mammalia,Proboscidea,Elephantidae,,US,EG,XX,1.0,,ivory carvings,,P,I
5478,2012,I,Elephantidae spp.,Mammalia,Proboscidea,Elephantidae,,US,FR,XX,2.0,,ivory carvings,,P,I
5479,2012,I,Elephantidae spp.,Mammalia,Proboscidea,Elephantidae,,US,FR,XX,1.0,,ivory carvings,,P,O
5480,2012,I,Elephantidae spp.,Mammalia,Proboscidea,Elephantidae,,US,FR,XX,3.0,,ivory carvings,,Q,O
5481,2012,I,Elephantidae spp.,Mammalia,Proboscidea,Elephantidae,,US,FR,XX,1.0,,ivory carvings,,T,I
5482,2012,I,Elephantidae spp.,Mammalia,Proboscidea,Elephantidae,,US,FR,XX,8.0,,ivory carvings,,T,O
5483,2012,I,Elephantidae spp.,Mammalia,Proboscidea,Elephantidae,,US,FR,XX,4.0,,ivory pieces,,P,I
5484,2012,I,Elephantidae spp.,Mammalia,Proboscidea,Elephantidae,,US,GB,XX,25.0,,ivory carvings,,P,I
5485,2012,I,Elephantidae spp.,Mammalia,Proboscidea,Elephantidae,,US,GB,XX,8.0,,ivory carvings,,P,O
5486,2012,I,Elephantidae spp.,Mammalia,Proboscidea,Elephantidae,,US,GB,XX,19.0,,ivory carvings,,Q,O
5487,2012,I,Elephantidae spp.,Mammalia,Proboscidea,Elephantidae,,US,GB,XX,31.0,,ivory carvings,,T,I
5488,2012,I,Elephantidae spp.,Mammalia,Proboscidea,Elephantidae,,US,GB,XX,10.0,,ivory carvings,,T,O
5489,2012,I,Elephantidae spp.,Mammalia,Proboscidea,Elephantidae,,US,GB,XX,6.0,,ivory pieces,kg,P,U
5490,2012,I,Elephantidae spp.,Mammalia,Proboscidea,Elephantidae,,US,GB,XX,2.0,,ivory pieces,,P,U
5491,2012,I,Elephantidae spp.,Mammalia,Proboscidea,Elephantidae,,US,GB,XX,35.0,,ivory pieces,,P,W
5492,2012,I,Elephantidae spp.,Mammalia,Proboscidea,Elephantidae,,US,ID,TH,1.0,,ivory carvings,,P,I
5493,2012,I,Elephantidae spp.,Mammalia,Proboscidea,Elephantidae,,US,IE,XX,3.0,,ivory carvings,,T,I
5494,2012,I,Elephantidae spp.,Mammalia,Proboscidea,Elephantidae,,US,IL,XX,1.0,,ivory carvings,,P,I
5495,2012,I,Elephantidae spp.,Mammalia,Proboscidea,Elephantidae,,US,IT,XX,8.0,,ivory carvings,,Q,O
5496,2012,I,Elephantidae spp.,Mammalia,Proboscidea,Elephantidae,,US,IT,XX,1.0,,ivory carvings,,T,I
5497,2012,I,Elephantidae spp.,Mammalia,Proboscidea,Elephantidae,,US,IT,XX,35.0,,ivory carvings,,T,O
5498,2012,I,Elephantidae spp.,Mammalia,Proboscidea,Elephantidae,,US,IT,XX,,1.0,ivory pieces,,E,O
5499,2012,I,Elephantidae spp.,Mammalia,Proboscidea,Elephantidae,,US,IT,XX,,8.0,ivory pieces,,Q,O
5500,2012,I,Elephantidae spp.,Mammalia,Proboscidea,Elephantidae,,US,IT,XX,,35.0,ivory pieces,,T,O
5501,2012,I,Elephantidae spp.,Mammalia,Proboscidea,Elephantidae,,US,JP,XX,2.0,,ivory carvings,,Q,O
5502,2012,I,Elephantidae spp.,Mammalia,Proboscidea,Elephantidae,,US,JP,XX,3.0,,ivory carvings,,T,O
5503,2012,I,Elephantidae spp.,Mammalia,Proboscidea,Elephantidae,,US,KR,XX,1.0,,ivory carvings,,P,I
5504,2012,I,Elephantidae spp.,Mammalia,Proboscidea,Elephantidae,,US,LB,XX,53.0,,ivory carvings,,P,I
5505,2012,I,Elephantidae spp.,Mammalia,Proboscidea,Elephantidae,,US,MX,XX,1.0,,ivory carvings,,P,I
5506,2012,I,Elephantidae spp.,Mammalia,Proboscidea,Elephantidae,,US,NL,XX,1.0,,ivory carvings,,P,I
5507,2012,I,Elephantidae spp.,Mammalia,Proboscidea,Elephantidae,,US,NL,XX,1.0,,ivory carvings,,P,O
5508,2012,I,Elephantidae spp.,Mammalia,Proboscidea,Elephantidae,,US,NL,XX,1.0,,ivory carvings,,T,O
5509,2012,I,Elephantidae spp.,Mammalia,Proboscidea,Elephantidae,,US,NZ,XX,3.0,,ivory carvings,,P,O
5510,2012,I,Elephantidae spp.,Mammalia,Proboscidea,Elephantidae,,US,PT,XX,2.0,,ivory carvings,,P,I
5511,2012,I,Elephantidae spp.,Mammalia,Proboscidea,Elephantidae,,US,PT,XX,1.0,,ivory carvings,,P,O
5512,2012,I,Elephantidae spp.,Mammalia,Proboscidea,Elephantidae,,US,PT,XX,3.0,,ivory carvings,,T,I
5513,2012,I,Elephantidae spp.,Mammalia,Proboscidea,Elephantidae,,US,PT,XX,3.0,,ivory carvings,,T,O
5514,2012,I,Elephantidae spp.,Mammalia,Proboscidea,Elephantidae,,US,PT,XX,1.0,,ivory pieces,,P,U
5515,2012,I,Elephantidae spp.,Mammalia,Proboscidea,Elephantidae,,US,SA,XX,1.0,,ivory carvings,,T,I
5516,2012,I,Elephantidae spp.,Mammalia,Proboscidea,Elephantidae,,US,SY,XX,1.0,,ivory carvings,,P,I
5517,2012,I,Elephantidae spp.,Mammalia,Proboscidea,Elephantidae,,US,TH,XX,4.0,,ivory carvings,,P,I
5518,2012,I,Elephantidae spp.,Mammalia,Proboscidea,Elephantidae,,US,VN,XX,1.0,,ivory carvings,,P,I
5519,2012,I,Elephantidae spp.,Mammalia,Proboscidea,Elephantidae,,US,VN,,2.0,,ivory carvings,,P,I
5520,2012,I,Elephantidae spp.,Mammalia,Proboscidea,Elephantidae,,US,XX,,5.0,,ivory carvings,,T,I
5521,2012,I,Elephantidae spp.,Mammalia,Proboscidea,Elephantidae,,XX,AU,XX,,24.0,ivory carvings,,Q,O
5522,2012,I,Elephantidae spp.,Mammalia,Proboscidea,Elephantidae,,XX,CA,XX,,1.0,ivory carvings,,Q,O
5523,2012,I,Elephas maximus,Mammalia,Proboscidea,Elephantidae,Elephas,AE,GB,,1.0,,ivory pieces,,Q,O
5524,2012,I,Elephas maximus,Mammalia,Proboscidea,Elephantidae,Elephas,AU,HK,CN,,1.0,ivory carvings,,T,O
5525,2012,I,Elephas maximus,Mammalia,Proboscidea,Elephantidae,Elephas,AU,NZ,IN,,32.0,ivory pieces,,P,O
5526,2012,I,Elephas maximus,Mammalia,Proboscidea,Elephantidae,Elephas,AU,NZ,XX,,10.0,ivory pieces,,P,O
5527,2012,I,Elephas maximus,Mammalia,Proboscidea,Elephantidae,Elephas,CA,FR,,2.0,,ivory carvings,,Q,O
5528,2012,I,Elephas maximus,Mammalia,Proboscidea,Elephantidae,Elephas,CA,GB,,33.0,,ivory carvings,,P,O
5529,2012,I,Elephas maximus,Mammalia,Proboscidea,Elephantidae,Elephas,CA,GB,,1.0,,ivory pieces,,P,O
5530,2012,I,Elephas maximus,Mammalia,Proboscidea,Elephantidae,Elephas,CA,HK,,10.0,,ivory pieces,,P,O
5531,2012,I,Elephas maximus,Mammalia,Proboscidea,Elephantidae,Elephas,CA,IT,XX,,2.0,ivory pieces,,E,O
5532,2012,I,Elephas maximus,Mammalia,Proboscidea,Elephantidae,Elephas,CA,US,XX,,1.0,ivory carvings,,T,O
5533,2012,I,Elephas maximus,Mammalia,Proboscidea,Elephantidae,Elephas,CH,DE,XX,2.0,,ivory carvings,,Q,O
5534,2012,I,Elephas maximus,Mammalia,Proboscidea,Elephantidae,Elephas,CH,DE,XX,2.0,,ivory carvings,,T,O
5535,2012,I,Elephas maximus,Mammalia,Proboscidea,Elephantidae,Elephas,CH,FR,XX,3.0,,ivory carvings,,Q,O
5536,2012,I,Elephas maximus,Mammalia,Proboscidea,Elephantidae,Elephas,CH,GB,XX,3.0,,ivory carvings,,T,O
5537,2012,I,Elephas maximus,Mammalia,Proboscidea,Elephantidae,Elephas,CN,AU,CN,,1.0,ivory carvings,,T,O
5538,2012,I,Elephas maximus,Mammalia,Proboscidea,Elephantidae,Elephas,CN,BR,,3.0,,ivory carvings,,P,O
5539,2012,I,Elephas maximus,Mammalia,Proboscidea,Elephantidae,Elephas,CN,BR,,,35.0,ivory pieces,,P,O
5540,2012,I,Elephas maximus,Mammalia,Proboscidea,Elephantidae,Elephas,CN,CH,,1.0,,ivory carvings,,P,O
5541,2012,I,Elephas maximus,Mammalia,Proboscidea,Elephantidae,Elephas,CN,DE,,10.0,,ivory carvings,,P,O
5542,2012,I,Elephas maximus,Mammalia,Proboscidea,Elephantidae,Elephas,CN,GB,,1.0,,ivory carvings,,P,O
5543,2012,I,Elephas maximus,Mammalia,Proboscidea,Elephantidae,Elephas,CN,GB,,3.0,,ivory carvings,,T,O
5544,2012,I,Elephas maximus,Mammalia,Proboscidea,Elephantidae,Elephas,CN,NL,,2.0,,ivory carvings,,P,O
5545,2012,I,Elephas maximus,Mammalia,Proboscidea,Elephantidae,Elephas,CN,US,XX,,21.0,ivory carvings,,Q,O
5546,2012,I,Elephas maximus,Mammalia,Proboscidea,Elephantidae,Elephas,DE,US,IN,,2.0,ivory carvings,,E,O
5547,2012,I,Elephas maximus,Mammalia,Proboscidea,Elephantidae,Elephas,FR,AU,XX,,9.0,ivory carvings,,Q,O
5548,2012,I,Elephas maximus,Mammalia,Proboscidea,Elephantidae,Elephas,FR,CA,XX,,2.0,ivory carvings,,Q,O
5549,2012,I,Elephas maximus,Mammalia,Proboscidea,Elephantidae,Elephas,FR,CH,XX,,3.0,ivory carvings,,Q,O
5550,2012,I,Elephas maximus,Mammalia,Proboscidea,Elephantidae,Elephas,GB,AE,GB,,3.0,ivory pieces,,P,U
5551,2012,I,Elephas maximus,Mammalia,Proboscidea,Elephantidae,Elephas,GB,AE,,,1.0,ivory pieces,,P,U
5552,2012,I,Elephas maximus,Mammalia,Proboscidea,Elephantidae,Elephas,GB,AE,,,1.0,ivory pieces,,Q,O
5553,2012,I,Elephas maximus,Mammalia,Proboscidea,Elephantidae,Elephas,GB,AU,XX,,1.0,ivory carvings,,P,U
5554,2012,I,Elephas maximus,Mammalia,Proboscidea,Elephantidae,Elephas,GB,BR,,,7.0,ivory pieces,,T,O
5555,2012,I,Elephas maximus,Mammalia,Proboscidea,Elephantidae,Elephas,GB,CA,XX,,5.0,ivory pieces,,T,O
5556,2012,I,Elephas maximus,Mammalia,Proboscidea,Elephantidae,Elephas,GB,CH,XX,,8.0,ivory carvings,,T,O
5557,2012,I,Elephas maximus,Mammalia,Proboscidea,Elephantidae,Elephas,GB,HK,,,4.0,ivory carvings,,Q,O
5558,2012,I,Elephas maximus,Mammalia,Proboscidea,Elephantidae,Elephas,GB,US,XX,,3.0,ivory carvings,,Q,O
5559,2012,I,Elephas maximus,Mammalia,Proboscidea,Elephantidae,Elephas,GB,US,XX,,9.0,ivory carvings,,T,O
5560,2012,I,Elephas maximus,Mammalia,Proboscidea,Elephantidae,Elephas,HK,CH,XX,,33.0,ivory carvings,,P,O
5561,2012,I,Elephas maximus,Mammalia,Proboscidea,Elephantidae,Elephas,HK,CH,,33.0,,ivory carvings,,T,O
5562,2012,I,Elephas maximus,Mammalia,Proboscidea,Elephantidae,Elephas,HK,DE,,147.0,,ivory carvings,,T,O
5563,2012,I,Elephas maximus,Mammalia,Proboscidea,Elephantidae,Elephas,HK,FR,,6.0,,ivory carvings,,T,O
5564,2012,I,Elephas maximus,Mammalia,Proboscidea,Elephantidae,Elephas,HK,GB,,251.0,,ivory carvings,,T,O
5565,2012,I,Elephas maximus,Mammalia,Proboscidea,Elephantidae,Elephas,HK,GB,,1.0,,ivory carvings,,T,U
5566,2012,I,Elephas maximus,Mammalia,Proboscidea,Elephantidae,Elephas,HK,KR,,4.0,,ivory carvings,,Q,O
5567,2012,I,Elephas maximus,Mammalia,Proboscidea,Elephantidae,Elephas,HK,US,CN,,1.0,ivory carvings,,T,O
5568,2012,I,Elephas maximus,Mammalia,Proboscidea,Elephantidae,Elephas,HK,US,XX,,13.0,ivory carvings,,T,O
5569,2012,I,Elephas maximus,Mammalia,Proboscidea,Elephantidae,Elephas,HK,US,,9.0,,ivory carvings,,T,O
5570,2012,I,Elephas maximus,Mammalia,Proboscidea,Elephantidae,Elephas,HK,US,,1.0,,ivory carvings,,T,U
5571,2012,I,Elephas maximus,Mammalia,Proboscidea,Elephantidae,Elephas,IT,CA,XX,,2.0,ivory carvings,,Q,O
5572,2012,I,Elephas maximus,Mammalia,Proboscidea,Elephantidae,Elephas,IT,CA,XX,1.0,,ivory pieces,,Q,O
5573,2012,I,Elephas maximus,Mammalia,Proboscidea,Elephantidae,Elephas,JP,US,XX,,30.0,ivory carvings,,E,O
5574,2012,I,Elephas maximus,Mammalia,Proboscidea,Elephantidae,Elephas,KR,TR,XX,5.0,5.0,ivory pieces,,Q,O
5575,2012,I,Elephas maximus,Mammalia,Proboscidea,Elephantidae,Elephas,MO,ZA,,,4.0,ivory carvings,,P,O
5576,2012,I,Elephas maximus,Mammalia,Proboscidea,Elephantidae,Elephas,NZ,AU,XX,,1.0,ivory carvings,,P,O
5577,2012,I,Elephas maximus,Mammalia,Proboscidea,Elephantidae,Elephas,QA,US,XX,,1.0,ivory pieces,,Q,O
5578,2012,I,Elephas maximus,Mammalia,Proboscidea,Elephantidae,Elephas,SG,GB,XX,1.0,,ivory pieces,,P,O
5579,2012,I,Elephas maximus,Mammalia,Proboscidea,Elephantidae,Elephas,TH,AU,XX,,1.0,ivory carvings,,P,U
5580,2012,I,Elephas maximus,Mammalia,Proboscidea,Elephantidae,Elephas,TH,US,XX,,2.0,ivory carvings,,P,O
5581,2012,I,Elephas maximus,Mammalia,Proboscidea,Elephantidae,Elephas,TR,BE,XX,1.0,,ivory carvings,,Q,U
5582,2012,I,Elephas maximus,Mammalia,Proboscidea,Elephantidae,Elephas,TW,CH,XX,,1.0,ivory carvings,,T,O
5583,2012,I,Elephas maximus,Mammalia,Proboscidea,Elephantidae,Elephas,TW,US,XX,,3.0,ivory carvings,,T,O
5584,2012,I,Elephas maximus,Mammalia,Proboscidea,Elephantidae,Elephas,US,AR,XX,,2.0,ivory carvings,,T,O
5585,2012,I,Elephas maximus,Mammalia,Proboscidea,Elephantidae,Elephas,US,AR,XX,66.0,,ivory pieces,,T,O
5586,2012,I,Elephas maximus,Mammalia,Proboscidea,Elephantidae,Elephas,US,AU,IN,,1.0,ivory carvings,,T,O
5587,2012,I,Elephas maximus,Mammalia,Proboscidea,Elephantidae,Elephas,US,AU,XX,,1.0,ivory carvings,,T,O
5588,2012,I,Elephas maximus,Mammalia,Proboscidea,Elephantidae,Elephas,US,CA,XX,1.0,,ivory carvings,,T,O
5589,2012,I,Elephas maximus,Mammalia,Proboscidea,Elephantidae,Elephas,US,CH,XX,3.0,3.0,ivory carvings,,T,O
5590,2012,I,Elephas maximus,Mammalia,Proboscidea,Elephantidae,Elephas,US,DE,XX,2.0,,ivory carvings,,T,I
5591,2012,I,Elephas maximus,Mammalia,Proboscidea,Elephantidae,Elephas,US,FR,XX,2.0,,ivory carvings,,Q,O
5592,2012,I,Elephas maximus,Mammalia,Proboscidea,Elephantidae,Elephas,US,GB,IN,33.0,,ivory carvings,,Q,O
5593,2012,I,Elephas maximus,Mammalia,Proboscidea,Elephantidae,Elephas,US,GB,IN,1.0,,ivory pieces,,P,O
5594,2012,I,Elephas maximus,Mammalia,Proboscidea,Elephantidae,Elephas,US,GB,XX,1.0,,ivory carvings,,P,I
5595,2012,I,Elephas maximus,Mammalia,Proboscidea,Elephantidae,Elephas,US,GB,XX,13.0,,ivory carvings,,P,O
5596,2012,I,Elephas maximus,Mammalia,Proboscidea,Elephantidae,Elephas,US,GB,XX,3.0,,ivory carvings,,Q,O
5597,2012,I,Elephas maximus,Mammalia,Proboscidea,Elephantidae,Elephas,US,GB,XX,291.0,,ivory carvings,,T,I
5598,2012,I,Elephas maximus,Mammalia,Proboscidea,Elephantidae,Elephas,US,GB,XX,365.0,,ivory carvings,,T,O
5599,2012,I,Elephas maximus,Mammalia,Proboscidea,Elephantidae,Elephas,US,GB,XX,1.0,,ivory pieces,,E,U
5600,2012,I,Elephas maximus,Mammalia,Proboscidea,Elephantidae,Elephas,US,GB,XX,105.0,,ivory pieces,,P,U
5601,2012,I,Elephas maximus,Mammalia,Proboscidea,Elephantidae,Elephas,US,IT,XX,,1.0,ivory pieces,,P,O
5602,2012,I,Elephas maximus,Mammalia,Proboscidea,Elephantidae,Elephas,US,IT,XX,1.0,,ivory pieces,,P,W
5603,2012,I,Elephas maximus,Mammalia,Proboscidea,Elephantidae,Elephas,US,JP,XX,30.0,,ivory carvings,,Q,O
5604,2012,I,Elephas maximus,Mammalia,Proboscidea,Elephantidae,Elephas,US,KW,XX,3.0,,ivory carvings,,Q,O
5605,2012,I,Elephas maximus,Mammalia,Proboscidea,Elephantidae,Elephas,US,NL,XX,7.0,,ivory carvings,,T,O
5606,2012,I,Elephas maximus,Mammalia,Proboscidea,Elephantidae,Elephas,US,TH,,82.0,,ivory carvings,,P,I
5607,2012,I,Elephas maximus,Mammalia,Proboscidea,Elephantidae,Elephas,US,VN,XX,3.0,,ivory carvings,,P,I
5608,2012,I,Elephas maximus,Mammalia,Proboscidea,Elephantidae,Elephas,US,VN,,4.0,,ivory carvings,,P,I
5609,2012,I,Elephas maximus,Mammalia,Proboscidea,Elephantidae,Elephas,VN,DE,XX,1.0,,ivory carvings,,T,O
5610,2012,I,Loxodonta spp.,Mammalia,Proboscidea,Elephantidae,Loxodonta,CH,AU,XX,,1.0,ivory carvings,,P,O
5611,2012,I,Loxodonta africana,Mammalia,Proboscidea,Elephantidae,Loxodonta,AE,GB,,1.0,,ivory pieces,,Q,O
5612,2012,I,Loxodonta africana,Mammalia,Proboscidea,Elephantidae,Loxodonta,AL,US,XX,,1.0,ivory carvings,,T,O
5613,2012,I,Loxodonta africana,Mammalia,Proboscidea,Elephantidae,Loxodonta,AT,CH,XX,,3.0,ivory carvings,,E,O
5614,2012,I,Loxodonta africana,Mammalia,Proboscidea,Elephantidae,Loxodonta,AT,CN,NG,,6.0,ivory carvings,,E,O
5615,2012,I,Loxodonta africana,Mammalia,Proboscidea,Elephantidae,Loxodonta,AT,LI,XX,1.0,,ivory carvings,,E,O
5616,2012,I,Loxodonta africana,Mammalia,Proboscidea,Elephantidae,Loxodonta,AT,MX,XX,,1.0,ivory carvings,,P,O
5617,2012,I,Loxodonta africana,Mammalia,Proboscidea,Elephantidae,Loxodonta,AU,NZ,GB,,23.0,ivory pieces,,P,O
5618,2012,I,Loxodonta africana,Mammalia,Proboscidea,Elephantidae,Loxodonta,AU,NZ,XX,,51.0,ivory pieces,,P,O
5619,2012,I,Loxodonta africana,Mammalia,Proboscidea,Elephantidae,Loxodonta,BE,US,XX,,1.0,ivory carvings,,T,O
5620,2012,I,Loxodonta africana,Mammalia,Proboscidea,Elephantidae,Loxodonta,BG,AU,ZA,,4.0,ivory carvings,,T,O
5621,2012,I,Loxodonta africana,Mammalia,Proboscidea,Elephantidae,Loxodonta,CA,AT,XX,,1.0,ivory carvings,,T,O
5622,2012,I,Loxodonta africana,Mammalia,Proboscidea,Elephantidae,Loxodonta,CA,FR,,56.0,,ivory pieces,,P,O
5623,2012,I,Loxodonta africana,Mammalia,Proboscidea,Elephantidae,Loxodonta,CA,GB,,102.0,,ivory pieces,,P,O
5624,2012,I,Loxodonta africana,Mammalia,Proboscidea,Elephantidae,Loxodonta,CA,GB,,3.0,,ivory pieces,,Q,O
5625,2012,I,Loxodonta africana,Mammalia,Proboscidea,Elephantidae,Loxodonta,CA,GB,,36.0,,ivory pieces,,T,O
5626,2012,I,Loxodonta africana,Mammalia,Proboscidea,Elephantidae,Loxodonta,CA,NZ,XX,,2.0,ivory pieces,,P,O
5627,2012,I,Loxodonta africana,Mammalia,Proboscidea,Elephantidae,Loxodonta,CA,TN,,2073.0,,ivory carvings,g,P,O
5628,2012,I,Loxodonta africana,Mammalia,Proboscidea,Elephantidae,Loxodonta,CA,US,XX,,208.0,ivory carvings,,P,O
5629,2012,I,Loxodonta africana,Mammalia,Proboscidea,Elephantidae,Loxodonta,CA,US,XX,,3.0,ivory carvings,,T,O
5630,2012,I,Loxodonta africana,Mammalia,Proboscidea,Elephantidae,Loxodonta,CA,US,ZA,,2.0,ivory carvings,,T,O
5631,2012,I,Loxodonta africana,Mammalia,Proboscidea,Elephantidae,Loxodonta,CA,US,,3.0,,ivory carvings,,P,O
5632,2012,I,Loxodonta africana,Mammalia,Proboscidea,Elephantidae,Loxodonta,CA,US,,281.0,,ivory pieces,,P,O
5633,2012,I,Loxodonta africana,Mammalia,Proboscidea,Elephantidae,Loxodonta,CH,AT,XX,3.0,,ivory carvings,,E,O
5634,2012,I,Loxodonta africana,Mammalia,Proboscidea,Elephantidae,Loxodonta,CH,AT,XX,2.0,104.0,ivory carvings,,P,O
5635,2012,I,Loxodonta africana,Mammalia,Proboscidea,Elephantidae,Loxodonta,CH,AT,XX,1.0,,ivory pieces,,T,O
5636,2012,I,Loxodonta africana,Mammalia,Proboscidea,Elephantidae,Loxodonta,CH,AU,XX,,1.0,ivory carvings,,P,O
5637,2012,I,Loxodonta africana,Mammalia,Proboscidea,Elephantidae,Loxodonta,CH,DE,TZ,1.0,,ivory carvings,,T,O
5638,2012,I,Loxodonta africana,Mammalia,Proboscidea,Elephantidae,Loxodonta,CH,DE,XX,1.0,,ivory carvings,,E,O
5639,2012,I,Loxodonta africana,Mammalia,Proboscidea,Elephantidae,Loxodonta,CH,DE,XX,32.0,,ivory carvings,,P,O
5640,2012,I,Loxodonta africana,Mammalia,Proboscidea,Elephantidae,Loxodonta,CH,DE,XX,1.0,,ivory carvings,,S,O
5641,2012,I,Loxodonta africana,Mammalia,Proboscidea,Elephantidae,Loxodonta,CH,DE,XX,19.0,,ivory carvings,,T,O
5642,2012,I,Loxodonta africana,Mammalia,Proboscidea,Elephantidae,Loxodonta,CH,DE,XX,,200.0,ivory pieces,kg,T,O
5643,2012,I,Loxodonta africana,Mammalia,Proboscidea,Elephantidae,Loxodonta,CH,DE,XX,4.0,4.0,ivory pieces,,T,O
5644,2012,I,Loxodonta africana,Mammalia,Proboscidea,Elephantidae,Loxodonta,CH,FR,XX,4.0,,ivory carvings,,P,O
5645,2012,I,Loxodonta africana,Mammalia,Proboscidea,Elephantidae,Loxodonta,CH,FR,XX,5.0,,ivory carvings,,Q,O
5646,2012,I,Loxodonta africana,Mammalia,Proboscidea,Elephantidae,Loxodonta,CH,FR,XX,16.0,,ivory carvings,,T,O
5647,2012,I,Loxodonta africana,Mammalia,Proboscidea,Elephantidae,Loxodonta,CH,GB,XX,36.0,,ivory carvings,,T,O
5648,2012,I,Loxodonta africana,Mammalia,Proboscidea,Elephantidae,Loxodonta,CH,GR,XX,1.0,,ivory carvings,,T,O
5649,2012,I,Loxodonta africana,Mammalia,Proboscidea,Elephantidae,Loxodonta,CH,HK,XX,,535.0,ivory carvings,g,,
5650,2012,I,Loxodonta africana,Mammalia,Proboscidea,Elephantidae,Loxodonta,CH,HK,XX,32.0,,ivory carvings,,P,O
5651,2012,I,Loxodonta africana,Mammalia,Proboscidea,Elephantidae,Loxodonta,CH,HK,,,27.0,ivory carvings,,P,U
5652,2012,I,Loxodonta africana,Mammalia,Proboscidea,Elephantidae,Loxodonta,CH,IT,XX,3.0,,ivory carvings,,Q,O
5653,2012,I,Loxodonta africana,Mammalia,Proboscidea,Elephantidae,Loxodonta,CH,IT,XX,,88.0,ivory pieces,,P,O
5654,2012,I,Loxodonta africana,Mammalia,Proboscidea,Elephantidae,Loxodonta,CH,MT,XX,1.0,,ivory carvings,,T,O
5655,2012,I,Loxodonta africana,Mammalia,Proboscidea,Elephantidae,Loxodonta,CH,NZ,XX,127.0,,ivory carvings,,P,O
5656,2012,I,Loxodonta africana,Mammalia,Proboscidea,Elephantidae,Loxodonta,CH,TW,XX,1.0,,ivory carvings,,Q,O
5657,2012,I,Loxodonta africana,Mammalia,Proboscidea,Elephantidae,Loxodonta,CH,US,XX,,2.0,ivory carvings,,E,O
5658,2012,I,Loxodonta africana,Mammalia,Proboscidea,Elephantidae,Loxodonta,CH,US,XX,,3.0,ivory carvings,,P,O
5659,2012,I,Loxodonta africana,Mammalia,Proboscidea,Elephantidae,Loxodonta,CH,US,XX,2.0,,ivory carvings,,Q,O
5660,2012,I,Loxodonta africana,Mammalia,Proboscidea,Elephantidae,Loxodonta,CH,US,XX,18.0,6.0,ivory carvings,,T,O
5661,2012,I,Loxodonta africana,Mammalia,Proboscidea,Elephantidae,Loxodonta,CH,US,XX,,6.0,ivory pieces,,T,O
5662,2012,I,Loxodonta africana,Mammalia,Proboscidea,Elephantidae,Loxodonta,CH,UY,XX,1.0,,ivory carvings,,P,O
5663,2012,I,Loxodonta africana,Mammalia,Proboscidea,Elephantidae,Loxodonta,CN,AT,NG,6.0,,ivory carvings,,E,O
5664,2012,I,Loxodonta africana,Mammalia,Proboscidea,Elephantidae,Loxodonta,CN,AU,ZA,,1.0,ivory carvings,,P,O
5665,2012,I,Loxodonta africana,Mammalia,Proboscidea,Elephantidae,Loxodonta,CN,BR,,,16.0,ivory pieces,,P,O
5666,2012,I,Loxodonta africana,Mammalia,Proboscidea,Elephantidae,Loxodonta,CN,CA,XX,,29.0,ivory pieces,,T,O
5667,2012,I,Loxodonta africana,Mammalia,Proboscidea,Elephantidae,Loxodonta,CN,DE,,52.0,,ivory carvings,,T,O
5668,2012,I,Loxodonta africana,Mammalia,Proboscidea,Elephantidae,Loxodonta,CN,FR,BJ,2.0,,ivory pieces,,P,O
5669,2012,I,Loxodonta africana,Mammalia,Proboscidea,Elephantidae,Loxodonta,CN,GB,,107.0,,ivory carvings,,P,O
5670,2012,I,Loxodonta africana,Mammalia,Proboscidea,Elephantidae,Loxodonta,CN,SD,,13.7,,ivory carvings,kg,P,O
5671,2012,I,Loxodonta africana,Mammalia,Proboscidea,Elephantidae,Loxodonta,CN,SN,,,22.0,ivory carvings,,P,W
5672,2012,I,Loxodonta africana,Mammalia,Proboscidea,Elephantidae,Loxodonta,CN,US,XX,,52.0,ivory carvings,,T,O
5673,2012,I,Loxodonta africana,Mammalia,Proboscidea,Elephantidae,Loxodonta,CN,US,XX,,1.0,ivory pieces,,T,I
5674,2012,I,Loxodonta africana,Mammalia,Proboscidea,Elephantidae,Loxodonta,CN,US,,2.0,,ivory carvings,,P,O
5675,2012,I,Loxodonta africana,Mammalia,Proboscidea,Elephantidae,Loxodonta,CO,US,XX,,1.0,ivory carvings,,T,O
5676,2012,I,Loxodonta africana,Mammalia,Proboscidea,Elephantidae,Loxodonta,CZ,US,XX,,52.0,ivory carvings,,T,O
5677,2012,I,Loxodonta africana,Mammalia,Proboscidea,Elephantidae,Loxodonta,DE,CH,XX,,3.0,ivory carvings,,P,O
5678,2012,I,Loxodonta africana,Mammalia,Proboscidea,Elephantidae,Loxodonta,DE,CH,XX,,4.0,ivory carvings,,T,O
5679,2012,I,Loxodonta africana,Mammalia,Proboscidea,Elephantidae,Loxodonta,DE,CN,,10.0,,ivory pieces,,S,I
5680,2012,I,Loxodonta africana,Mammalia,Proboscidea,Elephantidae,Loxodonta,DE,ET,,2.0,,ivory pieces,,S,W
5681,2012,I,Loxodonta africana,Mammalia,Proboscidea,Elephantidae,Loxodonta,DE,IL,,,1.0,ivory carvings,,Q,O
5682,2012,I,Loxodonta africana,Mammalia,Proboscidea,Elephantidae,Loxodonta,DE,MZ,,30.0,,ivory pieces,,S,W
5683,2012,I,Loxodonta africana,Mammalia,Proboscidea,Elephantidae,Loxodonta,DE,US,XX,,184.0,ivory carvings,,P,O
5684,2012,I,Loxodonta africana,Mammalia,Proboscidea,Elephantidae,Loxodonta,DE,US,XX,,42.0,ivory carvings,,T,O
5685,2012,I,Loxodonta africana,Mammalia,Proboscidea,Elephantidae,Loxodonta,DE,US,XX,,3.0,ivory pieces,,T,O
5686,2012,I,Loxodonta africana,Mammalia,Proboscidea,Elephantidae,Loxodonta,ES,MX,XX,,2.0,ivory carvings,,E,O
5687,2012,I,Loxodonta africana,Mammalia,Proboscidea,Elephantidae,Loxodonta,ES,US,XX,,4.0,ivory carvings,,T,O
5688,2012,I,Loxodonta africana,Mammalia,Proboscidea,Elephantidae,Loxodonta,ET,AE,XX,,5.0,ivory pieces,,E,W
5689,2012,I,Loxodonta africana,Mammalia,Proboscidea,Elephantidae,Loxodonta,FR,CA,XX,,52.0,ivory pieces,,P,O
5690,2012,I,Loxodonta africana,Mammalia,Proboscidea,Elephantidae,Loxodonta,FR,CF,,,3.0,ivory carvings,,,W
5691,2012,I,Loxodonta africana,Mammalia,Proboscidea,Elephantidae,Loxodonta,FR,CH,XX,,1.0,ivory carvings,,P,O
5692,2012,I,Loxodonta africana,Mammalia,Proboscidea,Elephantidae,Loxodonta,FR,CH,XX,,5.0,ivory carvings,,Q,O
5693,2012,I,Loxodonta africana,Mammalia,Proboscidea,Elephantidae,Loxodonta,FR,CH,XX,,11.0,ivory carvings,,T,O
5694,2012,I,Loxodonta africana,Mammalia,Proboscidea,Elephantidae,Loxodonta,FR,HK,,,1.0,ivory carvings,,T,O
5695,2012,I,Loxodonta africana,Mammalia,Proboscidea,Elephantidae,Loxodonta,FR,US,CG,,1.0,ivory carvings,,T,O
5696,2012,I,Loxodonta africana,Mammalia,Proboscidea,Elephantidae,Loxodonta,FR,US,XX,,104.0,ivory carvings,,P,O
5697,2012,I,Loxodonta africana,Mammalia,Proboscidea,Elephantidae,Loxodonta,FR,US,XX,,5.0,ivory carvings,,Q,O
5698,2012,I,Loxodonta africana,Mammalia,Proboscidea,Elephantidae,Loxodonta,FR,US,XX,,3.0,ivory carvings,,T,O
5699,2012,I,Loxodonta africana,Mammalia,Proboscidea,Elephantidae,Loxodonta,FR,US,XX,,43.0,ivory pieces,,T,O
5700,2012,I,Loxodonta africana,Mammalia,Proboscidea,Elephantidae,Loxodonta,GB,AE,,,1.0,ivory pieces,,Q,O
5701,2012,I,Loxodonta africana,Mammalia,Proboscidea,Elephantidae,Loxodonta,GB,AU,XX,,1.0,ivory carvings,,P,O
5702,2012,I,Loxodonta africana,Mammalia,Proboscidea,Elephantidae,Loxodonta,GB,AU,XX,,1.0,ivory carvings,,P,U
5703,2012,I,Loxodonta africana,Mammalia,Proboscidea,Elephantidae,Loxodonta,GB,AU,XX,,1.0,ivory carvings,,Q,O
5704,2012,I,Loxodonta africana,Mammalia,Proboscidea,Elephantidae,Loxodonta,GB,AU,ZA,,1.0,ivory carvings,,P,O
5705,2012,I,Loxodonta africana,Mammalia,Proboscidea,Elephantidae,Loxodonta,GB,AU,ZA,,1.0,ivory carvings,,P,U
5706,2012,I,Loxodonta africana,Mammalia,Proboscidea,Elephantidae,Loxodonta,GB,AU,ZA,,1.0,ivory carvings,,P,W
5707,2012,I,Loxodonta africana,Mammalia,Proboscidea,Elephantidae,Loxodonta,GB,BY,,1.0,,ivory pieces,,Q,O
5708,2012,I,Loxodonta africana,Mammalia,Proboscidea,Elephantidae,Loxodonta,GB,CA,XX,,1.0,ivory carvings,,P,O
5709,2012,I,Loxodonta africana,Mammalia,Proboscidea,Elephantidae,Loxodonta,GB,CA,XX,,54.0,ivory pieces,,P,O
5710,2012,I,Loxodonta africana,Mammalia,Proboscidea,Elephantidae,Loxodonta,GB,CA,XX,,17.0,ivory pieces,,T,O
5711,2012,I,Loxodonta africana,Mammalia,Proboscidea,Elephantidae,Loxodonta,GB,CH,XX,,23.0,ivory carvings,,T,O
5712,2012,I,Loxodonta africana,Mammalia,Proboscidea,Elephantidae,Loxodonta,GB,HK,,,5.0,ivory carvings,,Q,O
5713,2012,I,Loxodonta africana,Mammalia,Proboscidea,Elephantidae,Loxodonta,GB,HK,,,2.0,ivory carvings,,T,O
5714,2012,I,Loxodonta africana,Mammalia,Proboscidea,Elephantidae,Loxodonta,GB,IL,,,1.0,ivory carvings,,P,O
5715,2012,I,Loxodonta africana,Mammalia,Proboscidea,Elephantidae,Loxodonta,GB,RU,XX,,9.0,ivory carvings,,Q,O
5716,2012,I,Loxodonta africana,Mammalia,Proboscidea,Elephantidae,Loxodonta,GB,US,NA,,63.0,ivory carvings,,T,O
5717,2012,I,Loxodonta africana,Mammalia,Proboscidea,Elephantidae,Loxodonta,GB,US,XX,,52.0,ivory carvings,,P,O
5718,2012,I,Loxodonta africana,Mammalia,Proboscidea,Elephantidae,Loxodonta,GB,US,XX,,16.0,ivory carvings,,Q,O
5719,2012,I,Loxodonta africana,Mammalia,Proboscidea,Elephantidae,Loxodonta,GB,US,XX,,14.0,ivory carvings,,T,I
5720,2012,I,Loxodonta africana,Mammalia,Proboscidea,Elephantidae,Loxodonta,GB,US,XX,,177.0,ivory carvings,,T,O
5721,2012,I,Loxodonta africana,Mammalia,Proboscidea,Elephantidae,Loxodonta,GB,US,XX,,1.0,ivory pieces,,T,O
5722,2012,I,Loxodonta africana,Mammalia,Proboscidea,Elephantidae,Loxodonta,GB,ZA,,,2.0,ivory carvings,,P,O
5723,2012,I,Loxodonta africana,Mammalia,Proboscidea,Elephantidae,Loxodonta,GG,CA,,,155.0,ivory carvings,,P,O
5724,2012,I,Loxodonta africana,Mammalia,Proboscidea,Elephantidae,Loxodonta,GR,US,XX,,7.0,ivory carvings,,Q,O
5725,2012,I,Loxodonta africana,Mammalia,Proboscidea,Elephantidae,Loxodonta,HK,AT,ZA,1.0,,ivory pieces,,T,O
5726,2012,I,Loxodonta africana,Mammalia,Proboscidea,Elephantidae,Loxodonta,HK,AT,,2.0,,ivory pieces,,T,O
5727,2012,I,Loxodonta africana,Mammalia,Proboscidea,Elephantidae,Loxodonta,HK,AU,XX,,5.0,ivory carvings,,Q,O
5728,2012,I,Loxodonta africana,Mammalia,Proboscidea,Elephantidae,Loxodonta,HK,AU,,6.0,,ivory carvings,,Q,O
5729,2012,I,Loxodonta africana,Mammalia,Proboscidea,Elephantidae,Loxodonta,HK,BE,,1.0,,ivory carvings,,T,O
5730,2012,I,Loxodonta africana,Mammalia,Proboscidea,Elephantidae,Loxodonta,HK,CH,XX,,1.0,ivory carvings,,T,O
5731,2012,I,Loxodonta africana,Mammalia,Proboscidea,Elephantidae,Loxodonta,HK,CH,,2.0,,ivory carvings,,T,O
5732,2012,I,Loxodonta africana,Mammalia,Proboscidea,Elephantidae,Loxodonta,HK,DE,,4.0,,ivory carvings,,T,O
5733,2012,I,Loxodonta africana,Mammalia,Proboscidea,Elephantidae,Loxodonta,HK,DE,,1.0,,ivory pieces,,T,O
5734,2012,I,Loxodonta africana,Mammalia,Proboscidea,Elephantidae,Loxodonta,HK,FR,CO,1.0,,ivory carvings,,T,O
5735,2012,I,Loxodonta africana,Mammalia,Proboscidea,Elephantidae,Loxodonta,HK,FR,,22.0,,ivory carvings,,T,O
5736,2012,I,Loxodonta africana,Mammalia,Proboscidea,Elephantidae,Loxodonta,HK,GB,,302.0,,ivory carvings,,T,O
5737,2012,I,Loxodonta africana,Mammalia,Proboscidea,Elephantidae,Loxodonta,HK,GB,,38.0,,ivory carvings,,T,U
5738,2012,I,Loxodonta africana,Mammalia,Proboscidea,Elephantidae,Loxodonta,HK,GB,,4.0,,ivory carvings,,,
5739,2012,I,Loxodonta africana,Mammalia,Proboscidea,Elephantidae,Loxodonta,HK,GB,,20.0,,ivory pieces,,T,O
5740,2012,I,Loxodonta africana,Mammalia,Proboscidea,Elephantidae,Loxodonta,HK,KR,,5.0,,ivory carvings,,Q,O
5741,2012,I,Loxodonta africana,Mammalia,Proboscidea,Elephantidae,Loxodonta,HK,US,XX,,2.0,ivory carvings,,P,O
5742,2012,I,Loxodonta africana,Mammalia,Proboscidea,Elephantidae,Loxodonta,HK,US,XX,,52.0,ivory carvings,,T,O
5743,2012,I,Loxodonta africana,Mammalia,Proboscidea,Elephantidae,Loxodonta,HK,US,XX,,1.0,ivory pieces,,T,O
5744,2012,I,Loxodonta africana,Mammalia,Proboscidea,Elephantidae,Loxodonta,HK,US,,45.0,,ivory carvings,,T,O
5745,2012,I,Loxodonta africana,Mammalia,Proboscidea,Elephantidae,Loxodonta,HK,US,,1.0,,ivory carvings,,T,U
5746,2012,I,Loxodonta africana,Mammalia,Proboscidea,Elephantidae,Loxodonta,HK,UY,,1.0,,ivory carvings,,T,O
5747,2012,I,Loxodonta africana,Mammalia,Proboscidea,Elephantidae,Loxodonta,HU,US,XX,,1.0,ivory carvings,kg,T,O
5748,2012,I,Loxodonta africana,Mammalia,Proboscidea,Elephantidae,Loxodonta,HU,US,XX,7.0,,ivory carvings,,P,O
5749,2012,I,Loxodonta africana,Mammalia,Proboscidea,Elephantidae,Loxodonta,HU,US,XX,11.0,12.0,ivory carvings,,T,O
5750,2012,I,Loxodonta africana,Mammalia,Proboscidea,Elephantidae,Loxodonta,IL,US,XX,,3.0,ivory carvings,,Q,O
5751,2012,I,Loxodonta africana,Mammalia,Proboscidea,Elephantidae,Loxodonta,IT,CH,XX,,1.0,ivory carvings,,P,O
5752,2012,I,Loxodonta africana,Mammalia,Proboscidea,Elephantidae,Loxodonta,IT,JP,XX,1.0,,ivory pieces,,Q,O
5753,2012,I,Loxodonta africana,Mammalia,Proboscidea,Elephantidae,Loxodonta,IT,US,XX,,10.0,ivory carvings,,T,O
5754,2012,I,Loxodonta africana,Mammalia,Proboscidea,Elephantidae,Loxodonta,IT,US,XX,10.0,,ivory pieces,,P,O
5755,2012,I,Loxodonta africana,Mammalia,Proboscidea,Elephantidae,Loxodonta,IT,US,XX,,11.0,ivory pieces,,T,I
5756,2012,I,Loxodonta africana,Mammalia,Proboscidea,Elephantidae,Loxodonta,IT,US,XX,9.0,10.0,ivory pieces,,T,O
5757,2012,I,Loxodonta africana,Mammalia,Proboscidea,Elephantidae,Loxodonta,JO,US,XX,,5.0,ivory carvings,,Q,O
5758,2012,I,Loxodonta africana,Mammalia,Proboscidea,Elephantidae,Loxodonta,JP,AT,XX,,3.0,ivory carvings,,E,O
5759,2012,I,Loxodonta africana,Mammalia,Proboscidea,Elephantidae,Loxodonta,JP,AT,XX,,52.0,ivory carvings,,T,O
5760,2012,I,Loxodonta africana,Mammalia,Proboscidea,Elephantidae,Loxodonta,JP,BE,XX,,1.26,ivory pieces,kg,T,O
5761,2012,I,Loxodonta africana,Mammalia,Proboscidea,Elephantidae,Loxodonta,JP,US,XX,,53.0,ivory carvings,,P,O
5762,2012,I,Loxodonta africana,Mammalia,Proboscidea,Elephantidae,Loxodonta,JP,US,XX,,1.0,ivory carvings,,Q,O
5763,2012,I,Loxodonta africana,Mammalia,Proboscidea,Elephantidae,Loxodonta,JP,US,XX,,475.0,ivory carvings,,T,O
5764,2012,I,Loxodonta africana,Mammalia,Proboscidea,Elephantidae,Loxodonta,KZ,AE,XX,,4.0,ivory pieces,,E,W
5765,2012,I,Loxodonta africana,Mammalia,Proboscidea,Elephantidae,Loxodonta,LA,US,XX,,8.0,ivory carvings,,T,I
5766,2012,I,Loxodonta africana,Mammalia,Proboscidea,Elephantidae,Loxodonta,LB,US,XX,,1.0,ivory carvings,,T,O
5767,2012,I,Loxodonta africana,Mammalia,Proboscidea,Elephantidae,Loxodonta,LI,AT,XX,,3.0,ivory carvings,,E,O
5768,2012,I,Loxodonta africana,Mammalia,Proboscidea,Elephantidae,Loxodonta,LK,FR,CG,2.0,,ivory carvings,,P,O
5769,2012,I,Loxodonta africana,Mammalia,Proboscidea,Elephantidae,Loxodonta,MC,US,XX,,52.0,ivory carvings,,P,O
5770,2012,I,Loxodonta africana,Mammalia,Proboscidea,Elephantidae,Loxodonta,MC,US,XX,,2.0,ivory carvings,,T,O
5771,2012,I,Loxodonta africana,Mammalia,Proboscidea,Elephantidae,Loxodonta,MO,CA,XX,12.0,,ivory carvings,,T,O
5772,2012,I,Loxodonta africana,Mammalia,Proboscidea,Elephantidae,Loxodonta,MO,US,XX,,7.0,ivory carvings,,T,I
5773,2012,I,Loxodonta africana,Mammalia,Proboscidea,Elephantidae,Loxodonta,MO,US,XX,52.0,52.0,ivory carvings,,T,O
5774,2012,I,Loxodonta africana,Mammalia,Proboscidea,Elephantidae,Loxodonta,MX,US,XX,,2.0,ivory carvings,,P,O
5775,2012,I,Loxodonta africana,Mammalia,Proboscidea,Elephantidae,Loxodonta,NA,ZA,,,2.0,ivory carvings,,P,O
5776,2012,I,Loxodonta africana,Mammalia,Proboscidea,Elephantidae,Loxodonta,NG,US,XX,,1.0,ivory carvings,,Q,O
5777,2012,I,Loxodonta africana,Mammalia,Proboscidea,Elephantidae,Loxodonta,NO,CA,GH,,1.0,ivory carvings,,P,O
5778,2012,I,Loxodonta africana,Mammalia,Proboscidea,Elephantidae,Loxodonta,NO,DE,XX,52.0,,ivory carvings,,T,O
5779,2012,I,Loxodonta africana,Mammalia,Proboscidea,Elephantidae,Loxodonta,NO,US,XX,,52.0,ivory carvings,,P,O
5780,2012,I,Loxodonta africana,Mammalia,Proboscidea,Elephantidae,Loxodonta,NZ,AU,XX,,3.0,ivory carvings,,P,O
5781,2012,I,Loxodonta africana,Mammalia,Proboscidea,Elephantidae,Loxodonta,NZ,AU,XX,,1.0,ivory carvings,,P,U
5782,2012,I,Loxodonta africana,Mammalia,Proboscidea,Elephantidae,Loxodonta,NZ,CH,XX,,127.0,ivory carvings,,P,O
5783,2012,I,Loxodonta africana,Mammalia,Proboscidea,Elephantidae,Loxodonta,NZ,US,XX,,1.0,ivory carvings,,P,O
5784,2012,I,Loxodonta africana,Mammalia,Proboscidea,Elephantidae,Loxodonta,NZ,US,XX,,1.0,ivory pieces,,T,O
5785,2012,I,Loxodonta africana,Mammalia,Proboscidea,Elephantidae,Loxodonta,PL,CA,XX,,58.0,ivory pieces,,Q,O
5786,2012,I,Loxodonta africana,Mammalia,Proboscidea,Elephantidae,Loxodonta,QA,US,XX,,1.0,ivory carvings,,Q,O
5787,2012,I,Loxodonta africana,Mammalia,Proboscidea,Elephantidae,Loxodonta,QA,US,XX,,2.0,ivory carvings,,T,O
5788,2012,I,Loxodonta africana,Mammalia,Proboscidea,Elephantidae,Loxodonta,QA,US,XX,,1.0,ivory pieces,,Q,O
5789,2012,I,Loxodonta africana,Mammalia,Proboscidea,Elephantidae,Loxodonta,RU,US,XX,,1.0,ivory carvings,,T,O
5790,2012,I,Loxodonta africana,Mammalia,Proboscidea,Elephantidae,Loxodonta,RU,US,XX,,3.0,ivory pieces,,T,O
5791,2012,I,Loxodonta africana,Mammalia,Proboscidea,Elephantidae,Loxodonta,SA,US,XX,,2.0,ivory carvings,,P,I
5792,2012,I,Loxodonta africana,Mammalia,Proboscidea,Elephantidae,Loxodonta,SG,DE,XX,1.0,,ivory pieces,,P,O
5793,2012,I,Loxodonta africana,Mammalia,Proboscidea,Elephantidae,Loxodonta,SG,GB,XX,25.0,,ivory pieces,,P,O
5794,2012,I,Loxodonta africana,Mammalia,Proboscidea,Elephantidae,Loxodonta,SG,GB,XX,1.0,,ivory pieces,,Q,O
5795,2012,I,Loxodonta africana,Mammalia,Proboscidea,Elephantidae,Loxodonta,SG,GB,XX,1.0,,ivory pieces,,T,O
5796,2012,I,Loxodonta africana,Mammalia,Proboscidea,Elephantidae,Loxodonta,SG,US,XX,1.0,,ivory pieces,,P,O
5797,2012,I,Loxodonta africana,Mammalia,Proboscidea,Elephantidae,Loxodonta,SG,US,XX,,1.0,ivory pieces,,T,O
5798,2012,I,Loxodonta africana,Mammalia,Proboscidea,Elephantidae,Loxodonta,TR,US,XX,,1.0,ivory carvings,,T,O
5799,2012,I,Loxodonta africana,Mammalia,Proboscidea,Elephantidae,Loxodonta,TW,CH,XX,,1.0,ivory carvings,,Q,O
5800,2012,I,Loxodonta africana,Mammalia,Proboscidea,Elephantidae,Loxodonta,TW,CH,XX,,3.0,ivory carvings,,T,O
5801,2012,I,Loxodonta africana,Mammalia,Proboscidea,Elephantidae,Loxodonta,TZ,AE,XX,,6.0,ivory pieces,,E,W
5802,2012,I,Loxodonta africana,Mammalia,Proboscidea,Elephantidae,Loxodonta,UA,DE,,1.0,,ivory carvings,,T,O
5803,2012,I,Loxodonta africana,Mammalia,Proboscidea,Elephantidae,Loxodonta,UA,GB,,4.0,,ivory carvings,,T,O
5804,2012,I,Loxodonta africana,Mammalia,Proboscidea,Elephantidae,Loxodonta,UA,US,XX,,1.0,ivory carvings,,P,O
5805,2012,I,Loxodonta africana,Mammalia,Proboscidea,Elephantidae,Loxodonta,US,AR,XX,,11.0,ivory carvings,,T,O
5806,2012,I,Loxodonta africana,Mammalia,Proboscidea,Elephantidae,Loxodonta,US,AR,XX,65.0,,ivory pieces,,T,O
5807,2012,I,Loxodonta africana,Mammalia,Proboscidea,Elephantidae,Loxodonta,US,AT,XX,5.0,4.0,ivory carvings,,T,O
5808,2012,I,Loxodonta africana,Mammalia,Proboscidea,Elephantidae,Loxodonta,US,AU,XX,,2.0,ivory carvings,,P,O
5809,2012,I,Loxodonta africana,Mammalia,Proboscidea,Elephantidae,Loxodonta,US,AU,XX,,1.0,ivory carvings,,P,W
5810,2012,I,Loxodonta africana,Mammalia,Proboscidea,Elephantidae,Loxodonta,US,AU,XX,8.0,,ivory carvings,,Q,I
5811,2012,I,Loxodonta africana,Mammalia,Proboscidea,Elephantidae,Loxodonta,US,AU,XX,,3.0,ivory carvings,,Q,O
5812,2012,I,Loxodonta africana,Mammalia,Proboscidea,Elephantidae,Loxodonta,US,AU,XX,23.0,,ivory carvings,,T,I
5813,2012,I,Loxodonta africana,Mammalia,Proboscidea,Elephantidae,Loxodonta,US,AU,XX,,1.0,ivory carvings,,T,O
5814,2012,I,Loxodonta africana,Mammalia,Proboscidea,Elephantidae,Loxodonta,US,AU,ZA,,1.0,ivory carvings,,P,O
5815,2012,I,Loxodonta africana,Mammalia,Proboscidea,Elephantidae,Loxodonta,US,AU,ZA,1.0,3.0,ivory carvings,,T,O
5816,2012,I,Loxodonta africana,Mammalia,Proboscidea,Elephantidae,Loxodonta,US,BE,CD,9.0,,ivory carvings,,P,W
5817,2012,I,Loxodonta africana,Mammalia,Proboscidea,Elephantidae,Loxodonta,US,BE,CD,2.0,,ivory carvings,,T,O
5818,2012,I,Loxodonta africana,Mammalia,Proboscidea,Elephantidae,Loxodonta,US,BE,CG,1.0,,ivory carvings,,P,O
5819,2012,I,Loxodonta africana,Mammalia,Proboscidea,Elephantidae,Loxodonta,US,BE,CG,1.0,,ivory pieces,,P,W
5820,2012,I,Loxodonta africana,Mammalia,Proboscidea,Elephantidae,Loxodonta,US,CA,TZ,,2.0,ivory pieces,,T,O
5821,2012,I,Loxodonta africana,Mammalia,Proboscidea,Elephantidae,Loxodonta,US,CA,XX,7.0,,ivory carvings,,P,I
5822,2012,I,Loxodonta africana,Mammalia,Proboscidea,Elephantidae,Loxodonta,US,CA,XX,104.0,52.0,ivory carvings,,P,O
5823,2012,I,Loxodonta africana,Mammalia,Proboscidea,Elephantidae,Loxodonta,US,CA,XX,21.0,,ivory carvings,,P,W
5824,2012,I,Loxodonta africana,Mammalia,Proboscidea,Elephantidae,Loxodonta,US,CA,XX,2.0,,ivory carvings,,Q,O
5825,2012,I,Loxodonta africana,Mammalia,Proboscidea,Elephantidae,Loxodonta,US,CA,XX,,104.0,ivory pieces,,P,O
5826,2012,I,Loxodonta africana,Mammalia,Proboscidea,Elephantidae,Loxodonta,US,CA,ZA,104.0,,ivory carvings,,P,O
5827,2012,I,Loxodonta africana,Mammalia,Proboscidea,Elephantidae,Loxodonta,US,CH,XX,53.0,1.0,ivory carvings,,P,O
5828,2012,I,Loxodonta africana,Mammalia,Proboscidea,Elephantidae,Loxodonta,US,CH,XX,1.0,2.0,ivory carvings,,T,O
5829,2012,I,Loxodonta africana,Mammalia,Proboscidea,Elephantidae,Loxodonta,US,CL,XX,8.0,,ivory carvings,,T,O
5830,2012,I,Loxodonta africana,Mammalia,Proboscidea,Elephantidae,Loxodonta,US,CL,,,8.0,ivory pieces,,T,O
5831,2012,I,Loxodonta africana,Mammalia,Proboscidea,Elephantidae,Loxodonta,US,DE,XX,1.0,,ivory carvings,,P,O
5832,2012,I,Loxodonta africana,Mammalia,Proboscidea,Elephantidae,Loxodonta,US,DE,XX,7.0,,ivory carvings,,Q,O
5833,2012,I,Loxodonta africana,Mammalia,Proboscidea,Elephantidae,Loxodonta,US,DE,XX,15.0,,ivory carvings,,T,O
5834,2012,I,Loxodonta africana,Mammalia,Proboscidea,Elephantidae,Loxodonta,US,DK,LS,1.0,,ivory carvings,,P,O
5835,2012,I,Loxodonta africana,Mammalia,Proboscidea,Elephantidae,Loxodonta,US,ES,NA,1.0,,ivory carvings,,P,I
5836,2012,I,Loxodonta africana,Mammalia,Proboscidea,Elephantidae,Loxodonta,US,ES,XX,1.0,,ivory carvings,,P,O
5837,2012,I,Loxodonta africana,Mammalia,Proboscidea,Elephantidae,Loxodonta,US,ES,XX,11.0,,ivory carvings,,T,I
5838,2012,I,Loxodonta africana,Mammalia,Proboscidea,Elephantidae,Loxodonta,US,ES,XX,1.0,,ivory pieces,,E,W
5839,2012,I,Loxodonta africana,Mammalia,Proboscidea,Elephantidae,Loxodonta,US,FR,TD,1.0,,ivory carvings,,T,I
5840,2012,I,Loxodonta africana,Mammalia,Proboscidea,Elephantidae,Loxodonta,US,FR,XX,53.0,,ivory carvings,,P,I
5841,2012,I,Loxodonta africana,Mammalia,Proboscidea,Elephantidae,Loxodonta,US,FR,XX,53.0,,ivory carvings,,P,O
5842,2012,I,Loxodonta africana,Mammalia,Proboscidea,Elephantidae,Loxodonta,US,FR,XX,1.0,,ivory carvings,,P,W
5843,2012,I,Loxodonta africana,Mammalia,Proboscidea,Elephantidae,Loxodonta,US,FR,XX,2.0,,ivory carvings,,Q,O
5844,2012,I,Loxodonta africana,Mammalia,Proboscidea,Elephantidae,Loxodonta,US,FR,XX,2.0,,ivory carvings,,T,I
5845,2012,I,Loxodonta africana,Mammalia,Proboscidea,Elephantidae,Loxodonta,US,FR,XX,68.0,,ivory carvings,,T,O
5846,2012,I,Loxodonta africana,Mammalia,Proboscidea,Elephantidae,Loxodonta,US,FR,XX,5.0,,ivory pieces,,P,W
5847,2012,I,Loxodonta africana,Mammalia,Proboscidea,Elephantidae,Loxodonta,US,GB,AO,2.0,,ivory carvings,,T,O
5848,2012,I,Loxodonta africana,Mammalia,Proboscidea,Elephantidae,Loxodonta,US,GB,NA,2.0,,ivory carvings,,P,I
5849,2012,I,Loxodonta africana,Mammalia,Proboscidea,Elephantidae,Loxodonta,US,GB,XX,94.0,,ivory carvings,,P,I
5850,2012,I,Loxodonta africana,Mammalia,Proboscidea,Elephantidae,Loxodonta,US,GB,XX,455.0,,ivory carvings,,P,O
5851,2012,I,Loxodonta africana,Mammalia,Proboscidea,Elephantidae,Loxodonta,US,GB,XX,129.0,,ivory carvings,,P,U
5852,2012,I,Loxodonta africana,Mammalia,Proboscidea,Elephantidae,Loxodonta,US,GB,XX,20.0,,ivory carvings,,Q,O
5853,2012,I,Loxodonta africana,Mammalia,Proboscidea,Elephantidae,Loxodonta,US,GB,XX,12.0,,ivory carvings,,T,I
5854,2012,I,Loxodonta africana,Mammalia,Proboscidea,Elephantidae,Loxodonta,US,GB,XX,270.0,,ivory carvings,,T,O
5855,2012,I,Loxodonta africana,Mammalia,Proboscidea,Elephantidae,Loxodonta,US,GB,XX,1.0,,ivory pieces,,P,I
5856,2012,I,Loxodonta africana,Mammalia,Proboscidea,Elephantidae,Loxodonta,US,GB,XX,2.0,,ivory pieces,,P,O
5857,2012,I,Loxodonta africana,Mammalia,Proboscidea,Elephantidae,Loxodonta,US,GB,XX,101.0,,ivory pieces,,P,U
5858,2012,I,Loxodonta africana,Mammalia,Proboscidea,Elephantidae,Loxodonta,US,GB,XX,1.0,,ivory pieces,,P,W
5859,2012,I,Loxodonta africana,Mammalia,Proboscidea,Elephantidae,Loxodonta,US,GB,XX,1.0,,ivory pieces,,Q,O
5860,2012,I,Loxodonta africana,Mammalia,Proboscidea,Elephantidae,Loxodonta,US,GE,XX,1.0,,ivory carvings,,T,I
5861,2012,I,Loxodonta africana,Mammalia,Proboscidea,Elephantidae,Loxodonta,US,GH,,6.0,,ivory carvings,,P,I
5862,2012,I,Loxodonta africana,Mammalia,Proboscidea,Elephantidae,Loxodonta,US,GR,XX,11.0,,ivory carvings,,P,I
5863,2012,I,Loxodonta africana,Mammalia,Proboscidea,Elephantidae,Loxodonta,US,GR,XX,2.0,,ivory carvings,,Q,O
5864,2012,I,Loxodonta africana,Mammalia,Proboscidea,Elephantidae,Loxodonta,US,GR,XX,7.0,,ivory carvings,,T,I
5865,2012,I,Loxodonta africana,Mammalia,Proboscidea,Elephantidae,Loxodonta,US,HK,XX,1.0,,ivory carvings,,P,O
5866,2012,I,Loxodonta africana,Mammalia,Proboscidea,Elephantidae,Loxodonta,US,HK,XX,1.0,,ivory carvings,,T,O
5867,2012,I,Loxodonta africana,Mammalia,Proboscidea,Elephantidae,Loxodonta,US,HK,XX,,1.0,ivory carvings,,,
5868,2012,I,Loxodonta africana,Mammalia,Proboscidea,Elephantidae,Loxodonta,US,HK,,,1.0,ivory carvings,,T,O
5869,2012,I,Loxodonta africana,Mammalia,Proboscidea,Elephantidae,Loxodonta,US,IE,XX,1.0,,ivory carvings,,P,I
5870,2012,I,Loxodonta africana,Mammalia,Proboscidea,Elephantidae,Loxodonta,US,IL,XX,1.0,,ivory carvings,,T,O
5871,2012,I,Loxodonta africana,Mammalia,Proboscidea,Elephantidae,Loxodonta,US,IL,,,6.0,ivory carvings,,Q,O
5872,2012,I,Loxodonta africana,Mammalia,Proboscidea,Elephantidae,Loxodonta,US,IL,,,1.0,ivory carvings,,T,O
5873,2012,I,Loxodonta africana,Mammalia,Proboscidea,Elephantidae,Loxodonta,US,IT,XX,1.0,,ivory carvings,,T,O
5874,2012,I,Loxodonta africana,Mammalia,Proboscidea,Elephantidae,Loxodonta,US,JO,XX,5.0,,ivory carvings,,Q,O
5875,2012,I,Loxodonta africana,Mammalia,Proboscidea,Elephantidae,Loxodonta,US,KE,XX,302.0,,ivory pieces,,S,W
5876,2012,I,Loxodonta africana,Mammalia,Proboscidea,Elephantidae,Loxodonta,US,MW,,1.0,,ivory carvings,,P,I
5877,2012,I,Loxodonta africana,Mammalia,Proboscidea,Elephantidae,Loxodonta,US,MX,KE,2.0,,ivory carvings,,T,U
5878,2012,I,Loxodonta africana,Mammalia,Proboscidea,Elephantidae,Loxodonta,US,NG,,1.0,,ivory carvings,,P,I
5879,2012,I,Loxodonta africana,Mammalia,Proboscidea,Elephantidae,Loxodonta,US,NG,,7.0,,ivory carvings,,T,I
5880,2012,I,Loxodonta africana,Mammalia,Proboscidea,Elephantidae,Loxodonta,US,NL,XX,1.0,,ivory carvings,,P,O
5881,2012,I,Loxodonta africana,Mammalia,Proboscidea,Elephantidae,Loxodonta,US,PA,XX,1.0,,ivory carvings,,P,O
5882,2012,I,Loxodonta africana,Mammalia,Proboscidea,Elephantidae,Loxodonta,US,PA,XX,1.0,,ivory carvings,,T,O
5883,2012,I,Loxodonta africana,Mammalia,Proboscidea,Elephantidae,Loxodonta,US,QA,XX,2.0,,ivory carvings,,Q,O
5884,2012,I,Loxodonta africana,Mammalia,Proboscidea,Elephantidae,Loxodonta,US,TC,XX,1.0,,ivory carvings,,T,O
5885,2012,I,Loxodonta africana,Mammalia,Proboscidea,Elephantidae,Loxodonta,US,TZ,,5.0,,ivory carvings,,P,I
5886,2012,I,Loxodonta africana,Mammalia,Proboscidea,Elephantidae,Loxodonta,US,UG,,,1.5,ivory pieces,kg,L,W
5887,2012,I,Loxodonta africana,Mammalia,Proboscidea,Elephantidae,Loxodonta,US,UG,,1.5,,ivory pieces,kg,S,W
5888,2012,I,Loxodonta africana,Mammalia,Proboscidea,Elephantidae,Loxodonta,US,UY,XX,4.0,,ivory carvings,,T,I
5889,2012,I,Loxodonta africana,Mammalia,Proboscidea,Elephantidae,Loxodonta,US,UY,XX,3.0,,ivory carvings,,T,O
5890,2012,I,Loxodonta africana,Mammalia,Proboscidea,Elephantidae,Loxodonta,US,ZA,CM,2.0,,ivory carvings,,P,I
5891,2012,I,Loxodonta africana,Mammalia,Proboscidea,Elephantidae,Loxodonta,US,ZA,,1.0,,ivory carvings,,P,I
5892,2012,I,Loxodonta africana,Mammalia,Proboscidea,Elephantidae,Loxodonta,US,ZM,,1.0,,ivory carvings,,P,I
5893,2012,I,Loxodonta africana,Mammalia,Proboscidea,Elephantidae,Loxodonta,XX,AU,XX,,3.0,ivory carvings,,P,O
5894,2012,I,Loxodonta africana,Mammalia,Proboscidea,Elephantidae,Loxodonta,YE,AE,XX,,8.0,ivory pieces,,E,W
5895,2012,I,Loxodonta africana,Mammalia,Proboscidea,Elephantidae,Loxodonta,ZA,AU,XX,,1.0,ivory carvings,,T,O
5896,2012,I,Physeter macrocephalus,Mammalia,Cetacea,Physeteridae,Physeter,CH,US,XX,,1.0,ivory carvings,,T,O
5897,2012,I,Physeter macrocephalus,Mammalia,Cetacea,Physeteridae,Physeter,DE,US,XX,,1.0,ivory carvings,,Q,O
5898,2012,I,Physeter macrocephalus,Mammalia,Cetacea,Physeteridae,Physeter,US,AU,,2.0,,ivory carvings,,T,O
5899,2012,I,Physeter macrocephalus,Mammalia,Cetacea,Physeteridae,Physeter,US,CH,XX,1.0,,ivory carvings,,T,O
5900,2012,I,Physeter macrocephalus,Mammalia,Cetacea,Physeteridae,Physeter,US,DK,XX,3.0,,ivory carvings,,Q,O
5901,2012,I,Physeter macrocephalus,Mammalia,Cetacea,Physeteridae,Physeter,US,GB,XX,1.0,,ivory carvings,,T,O
5902,2012,I,Physeter macrocephalus,Mammalia,Cetacea,Physeteridae,Physeter,US,NO,,1.0,,ivory carvings,,P,I
5903,2012,II,Elephantidae spp.,Mammalia,Proboscidea,Elephantidae,,AT,CH,XX,1.0,,ivory carvings,,T,O
5904,2012,II,Elephantidae spp.,Mammalia,Proboscidea,Elephantidae,,AT,JP,XX,35.0,,ivory carvings,,E,O
5905,2012,II,Elephantidae spp.,Mammalia,Proboscidea,Elephantidae,,NO,DE,,52.0,,ivory carvings,,P,O
5906,2012,II,Loxodonta africana,Mammalia,Proboscidea,Elephantidae,Loxodonta,AE,ZW,,,6.0,ivory carvings,kg,P,W
5907,2012,II,Loxodonta africana,Mammalia,Proboscidea,Elephantidae,Loxodonta,AT,CH,XX,1.0,,ivory carvings,,Q,O
5908,2012,II,Loxodonta africana,Mammalia,Proboscidea,Elephantidae,Loxodonta,AT,JP,XX,3.0,,ivory carvings,,E,O
5909,2012,II,Loxodonta africana,Mammalia,Proboscidea,Elephantidae,Loxodonta,AT,LI,XX,2.0,,ivory carvings,,E,O
5910,2012,II,Loxodonta africana,Mammalia,Proboscidea,Elephantidae,Loxodonta,AU,ZA,,,9.0,ivory carvings,,P,W
5911,2012,II,Loxodonta africana,Mammalia,Proboscidea,Elephantidae,Loxodonta,AU,ZA,,,1.0,ivory carvings,,T,O
5912,2012,II,Loxodonta africana,Mammalia,Proboscidea,Elephantidae,Loxodonta,AU,ZW,,,4.0,ivory carvings,,P,W
5913,2012,II,Loxodonta africana,Mammalia,Proboscidea,Elephantidae,Loxodonta,CH,ZW,,,795.065,ivory carvings,g,P,W
5914,2012,II,Loxodonta africana,Mammalia,Proboscidea,Elephantidae,Loxodonta,CN,AR,,1.0,,ivory carvings,,P,O
5915,2012,II,Loxodonta africana,Mammalia,Proboscidea,Elephantidae,Loxodonta,CN,BR,,,16.0,ivory pieces,,P,O
5916,2012,II,Loxodonta africana,Mammalia,Proboscidea,Elephantidae,Loxodonta,CN,FR,CF,2.0,,ivory pieces,,P,W
5917,2012,II,Loxodonta africana,Mammalia,Proboscidea,Elephantidae,Loxodonta,CN,ZW,,,1240.2,ivory carvings,g,H,W
5918,2012,II,Loxodonta africana,Mammalia,Proboscidea,Elephantidae,Loxodonta,CN,ZW,,,165.0,ivory carvings,g,P,U
5919,2012,II,Loxodonta africana,Mammalia,Proboscidea,Elephantidae,Loxodonta,CN,ZW,,,197192.363,ivory carvings,g,P,W
5920,2012,II,Loxodonta africana,Mammalia,Proboscidea,Elephantidae,Loxodonta,CN,ZW,,,2863.546,ivory carvings,kg,P,W
5921,2012,II,Loxodonta africana,Mammalia,Proboscidea,Elephantidae,Loxodonta,CN,ZW,,33.0,1251.0,ivory carvings,,P,W
5922,2012,II,Loxodonta africana,Mammalia,Proboscidea,Elephantidae,Loxodonta,CN,ZW,,,3.0,ivory pieces,,P,W
5923,2012,II,Loxodonta africana,Mammalia,Proboscidea,Elephantidae,Loxodonta,CO,ZW,,,2810.0,ivory carvings,g,P,W
5924,2012,II,Loxodonta africana,Mammalia,Proboscidea,Elephantidae,Loxodonta,CY,ZW,,,969.0,ivory carvings,g,P,W
5925,2012,II,Loxodonta africana,Mammalia,Proboscidea,Elephantidae,Loxodonta,FR,CI,,,6.9,ivory pieces,kg,P,O
5926,2012,II,Loxodonta africana,Mammalia,Proboscidea,Elephantidae,Loxodonta,FR,ZA,,,52.0,ivory carvings,,P,O
5927,2012,II,Loxodonta africana,Mammalia,Proboscidea,Elephantidae,Loxodonta,FR,ZW,,,909.12,ivory carvings,g,P,W
5928,2012,II,Loxodonta africana,Mammalia,Proboscidea,Elephantidae,Loxodonta,GB,ZA,,,52.0,ivory carvings,,P,O
5929,2012,II,Loxodonta africana,Mammalia,Proboscidea,Elephantidae,Loxodonta,GB,ZA,,,6.0,ivory carvings,,P,W
5930,2012,II,Loxodonta africana,Mammalia,Proboscidea,Elephantidae,Loxodonta,GB,ZW,,,20.0,ivory carvings,g,P,W
5931,2012,II,Loxodonta africana,Mammalia,Proboscidea,Elephantidae,Loxodonta,GR,ZW,,,206.0,ivory carvings,g,P,W
5932,2012,II,Loxodonta africana,Mammalia,Proboscidea,Elephantidae,Loxodonta,HK,ZW,,,497.0,ivory carvings,g,P,W
5933,2012,II,Loxodonta africana,Mammalia,Proboscidea,Elephantidae,Loxodonta,ID,ZW,,,100.0,ivory carvings,g,P,W
5934,2012,II,Loxodonta africana,Mammalia,Proboscidea,Elephantidae,Loxodonta,ID,ZW,,,29.0,ivory carvings,kg,P,W
5935,2012,II,Loxodonta africana,Mammalia,Proboscidea,Elephantidae,Loxodonta,IN,ZW,,,390.325,ivory carvings,g,P,W
5936,2012,II,Loxodonta africana,Mammalia,Proboscidea,Elephantidae,Loxodonta,IR,ZW,,,2318.0,ivory carvings,g,P,W
5937,2012,II,Loxodonta africana,Mammalia,Proboscidea,Elephantidae,Loxodonta,IR,ZW,,,12.4,ivory carvings,kg,P,W
5938,2012,II,Loxodonta africana,Mammalia,Proboscidea,Elephantidae,Loxodonta,IT,ZW,,,22.0,ivory carvings,g,P,W
5939,2012,II,Loxodonta africana,Mammalia,Proboscidea,Elephantidae,Loxodonta,IT,ZW,,,1.0,ivory carvings,,P,W
5940,2012,II,Loxodonta africana,Mammalia,Proboscidea,Elephantidae,Loxodonta,IT,ZW,,,2.0,ivory pieces,,T,W
5941,2012,II,Loxodonta africana,Mammalia,Proboscidea,Elephantidae,Loxodonta,KP,ZW,,,10.0,ivory carvings,g,P,W
5942,2012,II,Loxodonta africana,Mammalia,Proboscidea,Elephantidae,Loxodonta,KP,ZW,,,3.0,ivory carvings,kg,P,W
5943,2012,II,Loxodonta africana,Mammalia,Proboscidea,Elephantidae,Loxodonta,KW,ZW,,,100.0,ivory carvings,g,P,W
5944,2012,II,Loxodonta africana,Mammalia,Proboscidea,Elephantidae,Loxodonta,KW,ZW,,,46.1,ivory carvings,kg,P,W
5945,2012,II,Loxodonta africana,Mammalia,Proboscidea,Elephantidae,Loxodonta,LB,ZW,,,65.0,ivory carvings,g,P,W
5946,2012,II,Loxodonta africana,Mammalia,Proboscidea,Elephantidae,Loxodonta,MU,ZW,,,915.0,ivory carvings,g,P,W
5947,2012,II,Loxodonta africana,Mammalia,Proboscidea,Elephantidae,Loxodonta,MZ,ZW,,,323.0,ivory carvings,g,P,W
5948,2012,II,Loxodonta africana,Mammalia,Proboscidea,Elephantidae,Loxodonta,NZ,ZA,,,52.0,ivory carvings,,P,O
5949,2012,II,Loxodonta africana,Mammalia,Proboscidea,Elephantidae,Loxodonta,NZ,ZW,,,20.0,ivory carvings,,H,W
5950,2012,II,Loxodonta africana,Mammalia,Proboscidea,Elephantidae,Loxodonta,PK,ZW,,,2800.0,ivory carvings,g,P,W
5951,2012,II,Loxodonta africana,Mammalia,Proboscidea,Elephantidae,Loxodonta,PK,ZW,,,19.4,ivory carvings,kg,P,W
5952,2012,II,Loxodonta africana,Mammalia,Proboscidea,Elephantidae,Loxodonta,PT,ZA,,,1.0,ivory carvings,,P,W
5953,2012,II,Loxodonta africana,Mammalia,Proboscidea,Elephantidae,Loxodonta,RO,ZW,,,195.0,ivory carvings,g,P,W
5954,2012,II,Loxodonta africana,Mammalia,Proboscidea,Elephantidae,Loxodonta,RO,ZW,,,5.25,ivory carvings,kg,P,W
5955,2012,II,Loxodonta africana,Mammalia,Proboscidea,Elephantidae,Loxodonta,RU,ZW,,,2119.0,ivory carvings,g,P,W
5956,2012,II,Loxodonta africana,Mammalia,Proboscidea,Elephantidae,Loxodonta,SD,ZW,,,45.0,ivory carvings,g,P,W
5957,2012,II,Loxodonta africana,Mammalia,Proboscidea,Elephantidae,Loxodonta,SK,ZW,,,1600.0,ivory carvings,g,P,W
5958,2012,II,Loxodonta africana,Mammalia,Proboscidea,Elephantidae,Loxodonta,SK,ZW,,31.0,,ivory carvings,kg,H,W
5959,2012,II,Loxodonta africana,Mammalia,Proboscidea,Elephantidae,Loxodonta,SN,ZW,,,45.0,ivory carvings,g,P,W
5960,2012,II,Loxodonta africana,Mammalia,Proboscidea,Elephantidae,Loxodonta,US,CA,BW,3.0,,ivory carvings,,P,W
5961,2012,II,Loxodonta africana,Mammalia,Proboscidea,Elephantidae,Loxodonta,US,NA,,1.0,,ivory carvings,,P,I
5962,2012,II,Loxodonta africana,Mammalia,Proboscidea,Elephantidae,Loxodonta,US,NA,,3.0,,ivory carvings,,P,W
5963,2012,II,Loxodonta africana,Mammalia,Proboscidea,Elephantidae,Loxodonta,US,ZA,,,6.0,ivory carvings,,P,O
5964,2012,II,Loxodonta africana,Mammalia,Proboscidea,Elephantidae,Loxodonta,US,ZW,,,220.0,ivory carvings,g,H,W
5965,2012,II,Loxodonta africana,Mammalia,Proboscidea,Elephantidae,Loxodonta,US,ZW,,,360.001,ivory carvings,g,P,W
5966,2012,II,Loxodonta africana,Mammalia,Proboscidea,Elephantidae,Loxodonta,US,ZW,,,2.0,ivory carvings,kg,P,W
5967,2012,II,Loxodonta africana,Mammalia,Proboscidea,Elephantidae,Loxodonta,US,ZW,,4.0,,ivory carvings,,P,I
5968,2012,II,Loxodonta africana,Mammalia,Proboscidea,Elephantidae,Loxodonta,US,ZW,,,4.0,ivory carvings,,P,W
5969,2012,II,Loxodonta africana,Mammalia,Proboscidea,Elephantidae,Loxodonta,ZA,ZW,,,155.0,ivory carvings,g,P,W
5970,2012,II,Loxodonta africana,Mammalia,Proboscidea,Elephantidae,Loxodonta,ZA,ZW,,,86.1,ivory carvings,g,Q,W
5971,2012,II,Loxodonta africana,Mammalia,Proboscidea,Elephantidae,Loxodonta,ZM,ZW,,,161.0,ivory carvings,g,P,W
5972,2012,II,Loxodonta africana,Mammalia,Proboscidea,Elephantidae,Loxodonta,ZW,ZA,,86.1,,ivory carvings,g,Q,W
5973,2012,II,Hippopotamus amphibius,Mammalia,Artiodactyla,Hippopotamidae,Hippopotamus,CH,US,XX,,1.0,ivory carvings,,E,O
5974,2012,II,Hippopotamus amphibius,Mammalia,Artiodactyla,Hippopotamidae,Hippopotamus,CH,US,XX,1.0,1.0,ivory carvings,,T,O
5975,2012,II,Hippopotamus amphibius,Mammalia,Artiodactyla,Hippopotamidae,Hippopotamus,CN,US,XX,,2.0,ivory carvings,,T,I
5976,2012,II,Hippopotamus amphibius,Mammalia,Artiodactyla,Hippopotamidae,Hippopotamus,GB,US,XX,,1.0,ivory carvings,,Q,O
5977,2012,II,Hippopotamus amphibius,Mammalia,Artiodactyla,Hippopotamidae,Hippopotamus,RU,US,UG,,1.0,ivory carvings,,T,W
5978,2012,II,Hippopotamus amphibius,Mammalia,Artiodactyla,Hippopotamidae,Hippopotamus,US,BE,CD,1.0,,ivory carvings,,T,O
5979,2012,II,Hippopotamus amphibius,Mammalia,Artiodactyla,Hippopotamidae,Hippopotamus,US,BE,XX,2.0,,ivory carvings,,T,O
5980,2012,II,Hippopotamus amphibius,Mammalia,Artiodactyla,Hippopotamidae,Hippopotamus,US,CA,XX,2.0,,ivory carvings,,P,I
5981,2012,II,Hippopotamus amphibius,Mammalia,Artiodactyla,Hippopotamidae,Hippopotamus,US,CA,XX,1.0,,ivory carvings,,P,W
5982,2012,II,Hippopotamus amphibius,Mammalia,Artiodactyla,Hippopotamidae,Hippopotamus,US,GB,XX,1.0,,ivory carvings,,P,I
5983,2012,II,Hippopotamus amphibius,Mammalia,Artiodactyla,Hippopotamidae,Hippopotamus,US,GB,XX,4.0,,ivory carvings,,P,O
5984,2012,II,Hippopotamus amphibius,Mammalia,Artiodactyla,Hippopotamidae,Hippopotamus,US,GB,XX,1.0,,ivory carvings,,Q,O
5985,2012,II,Hippopotamus amphibius,Mammalia,Artiodactyla,Hippopotamidae,Hippopotamus,US,GB,XX,1.0,,ivory carvings,,T,O
5986,2012,II,Hippopotamus amphibius,Mammalia,Artiodactyla,Hippopotamidae,Hippopotamus,US,HK,TZ,6.0,,ivory carvings,,T,W
5987,2012,II,Hippopotamus amphibius,Mammalia,Artiodactyla,Hippopotamidae,Hippopotamus,US,HK,UG,231.0,,ivory carvings,,T,W
5988,2012,II,Hippopotamus amphibius,Mammalia,Artiodactyla,Hippopotamidae,Hippopotamus,US,PT,XX,1.0,,ivory carvings,,T,O
5989,2012,II,Monodon monoceros,Mammalia,Cetacea,Monodontidae,Monodon,HK,CA,,1.0,,ivory pieces,,T,W
5990,2012,II,Monodon monoceros,Mammalia,Cetacea,Monodontidae,Monodon,US,FR,XX,1.0,,ivory carvings,,P,I
5991,2012,II,Cetacea spp.,Mammalia,Cetacea,,,IT,JP,XX,1.0,,ivory pieces,,Q,O
5992,2012,III,Odobenus rosmarus,Mammalia,Carnivora,Odobenidae,Odobenus,AE,GB,,8.0,,ivory pieces,,Q,O
5993,2012,III,Odobenus rosmarus,Mammalia,Carnivora,Odobenidae,Odobenus,CA,GB,CA,,6.0,ivory pieces,g,T,W
5994,2012,III,Odobenus rosmarus,Mammalia,Carnivora,Odobenidae,Odobenus,CA,GB,CA,,100.0,ivory pieces,,T,W
5995,2012,III,Odobenus rosmarus,Mammalia,Carnivora,Odobenidae,Odobenus,CA,US,,,16.0,ivory carvings,,P,W
5996,2012,III,Odobenus rosmarus,Mammalia,Carnivora,Odobenidae,Odobenus,CA,US,,,9.0,ivory carvings,,T,O
5997,2012,III,Odobenus rosmarus,Mammalia,Carnivora,Odobenidae,Odobenus,CH,CA,,2.0,,ivory carvings,,P,W
5998,2012,III,Odobenus rosmarus,Mammalia,Carnivora,Odobenidae,Odobenus,CH,CA,,6.0,,ivory carvings,,T,W
5999,2012,III,Odobenus rosmarus,Mammalia,Carnivora,Odobenidae,Odobenus,CH,DE,XX,1.0,,ivory carvings,,T,O
6000,2012,III,Odobenus rosmarus,Mammalia,Carnivora,Odobenidae,Odobenus,CH,FR,XX,2.0,,ivory carvings,,T,O
6001,2012,III,Odobenus rosmarus,Mammalia,Carnivora,Odobenidae,Odobenus,CH,GB,XX,1.0,,ivory carvings,,T,O
6002,2012,III,Odobenus rosmarus,Mammalia,Carnivora,Odobenidae,Odobenus,CO,US,XX,,5.0,ivory carvings,,Q,O
6003,2012,III,Odobenus rosmarus,Mammalia,Carnivora,Odobenidae,Odobenus,FR,US,XX,,4.0,ivory carvings,,Q,O
6004,2012,III,Odobenus rosmarus,Mammalia,Carnivora,Odobenidae,Odobenus,GB,AE,,,8.0,ivory pieces,,Q,O
6005,2012,III,Odobenus rosmarus,Mammalia,Carnivora,Odobenidae,Odobenus,GB,CA,,,5.0,ivory pieces,,P,O
6006,2012,III,Odobenus rosmarus,Mammalia,Carnivora,Odobenidae,Odobenus,GB,CA,,,9.0,ivory pieces,,P,W
6007,2012,III,Odobenus rosmarus,Mammalia,Carnivora,Odobenidae,Odobenus,GB,US,XX,,37.0,ivory carvings,,Q,O
6008,2012,III,Odobenus rosmarus,Mammalia,Carnivora,Odobenidae,Odobenus,GB,US,XX,,1.0,ivory carvings,,T,O
6009,2012,III,Odobenus rosmarus,Mammalia,Carnivora,Odobenidae,Odobenus,ID,US,,,130.04,ivory pieces,kg,T,O
6010,2012,III,Odobenus rosmarus,Mammalia,Carnivora,Odobenidae,Odobenus,IL,US,XX,,1.0,ivory carvings,,T,O
6011,2012,III,Odobenus rosmarus,Mammalia,Carnivora,Odobenidae,Odobenus,QA,US,XX,,1.0,ivory carvings,,T,O
6012,2012,III,Odobenus rosmarus,Mammalia,Carnivora,Odobenidae,Odobenus,SA,US,XX,,1.0,ivory carvings,,P,I
6013,2012,III,Odobenus rosmarus,Mammalia,Carnivora,Odobenidae,Odobenus,TW,GB,CA,,6.0,ivory pieces,g,T,W
6014,2012,III,Odobenus rosmarus,Mammalia,Carnivora,Odobenidae,Odobenus,US,CA,IS,6.0,,ivory carvings,,P,W
6015,2012,III,Odobenus rosmarus,Mammalia,Carnivora,Odobenidae,Odobenus,US,CA,US,55.0,,ivory carvings,,P,W
6016,2012,III,Odobenus rosmarus,Mammalia,Carnivora,Odobenidae,Odobenus,US,CA,US,40.0,,ivory carvings,,T,W
6017,2012,III,Odobenus rosmarus,Mammalia,Carnivora,Odobenidae,Odobenus,US,CA,XX,2.0,,ivory carvings,,P,I
6018,2012,III,Odobenus rosmarus,Mammalia,Carnivora,Odobenidae,Odobenus,US,CA,,2.0,,ivory carvings,,P,I
6019,2012,III,Odobenus rosmarus,Mammalia,Carnivora,Odobenidae,Odobenus,US,CA,,2.0,,ivory carvings,,P,O
6020,2012,III,Odobenus rosmarus,Mammalia,Carnivora,Odobenidae,Odobenus,US,CN,US,40.0,,ivory carvings,,T,I
6021,2012,III,Odobenus rosmarus,Mammalia,Carnivora,Odobenidae,Odobenus,US,DE,XX,5.0,,ivory carvings,,Q,O
6022,2012,III,Odobenus rosmarus,Mammalia,Carnivora,Odobenidae,Odobenus,US,FR,XX,1.0,,ivory carvings,,T,O
6023,2012,III,Odobenus rosmarus,Mammalia,Carnivora,Odobenidae,Odobenus,US,FR,XX,1.0,,ivory carvings,,T,W
6024,2012,III,Odobenus rosmarus,Mammalia,Carnivora,Odobenidae,Odobenus,US,GB,CA,,6.0,ivory pieces,g,T,W
6025,2012,III,Odobenus rosmarus,Mammalia,Carnivora,Odobenidae,Odobenus,US,GB,XX,3.0,,ivory carvings,,T,O
6026,2012,III,Odobenus rosmarus,Mammalia,Carnivora,Odobenidae,Odobenus,US,GE,XX,1.0,,ivory carvings,,T,I
6027,2012,III,Odobenus rosmarus,Mammalia,Carnivora,Odobenidae,Odobenus,US,ID,US,14161.0,40.0,ivory carvings,,T,W
6028,2012,III,Odobenus rosmarus,Mammalia,Carnivora,Odobenidae,Odobenus,US,ID,US,1840.0,,ivory pieces,,T,W
6029,2012,III,Odobenus rosmarus,Mammalia,Carnivora,Odobenidae,Odobenus,US,ID,,1109.0,,ivory carvings,,T,W
6030,2012,III,Odobenus rosmarus,Mammalia,Carnivora,Odobenidae,Odobenus,US,NO,,7.0,,ivory carvings,,P,I
6031,2012,III,Odobenus rosmarus,Mammalia,Carnivora,Odobenidae,Odobenus,US,RU,,6.0,,ivory carvings,,P,I
6032,2012,III,Odobenus rosmarus,Mammalia,Carnivora,Odobenidae,Odobenus,US,ZA,,5.0,,ivory carvings,,P,I
